symbol,timestamp,open_price,high_price,low_price,close_price,volume
005930,1696345200000,67400,67700,66700,67500,23361149
005930,1696431600000,67300,67400,66700,66700,16108313
005930,1696518000000,67100,67300,66000,66000,14386527
005930,1696863600000,66200,67600,66200,66400,19889202
005930,1696950000000,68600,69400,67900,68200,25209349
005930,1697036400000,68600,69700,68200,68900,19311380
005930,1697122800000,68000,68500,67700,68000,9724086
005930,1697382000000,67900,68500,66800,67300,12599299
005930,1697468400000,67700,69900,67400,69400,17299253
005930,1697554800000,68900,70500,68800,70500,16493184
005930,1697641200000,69700,70000,69400,69500,13985012
005930,1697727600000,68900,69200,68100,68800,15204495
005930,1697986800000,68700,69100,68200,68400,11625959
005930,1698073200000,68700,68800,67700,68500,12791710
005930,1698159600000,68800,68800,67900,68000,10610703
005930,1698246000000,67000,67900,66700,66700,15517624
005930,1698332400000,67100,67300,66700,67300,11334726
005930,1698591600000,66800,67800,66700,67300,10139270
005930,1698678000000,67600,68300,66900,66900,14488892
005930,1698764400000,67500,68900,67300,68600,13775256
005930,1698850800000,70000,70000,69400,69700,16350031
005930,1698937200000,69700,70200,69500,69600,10322234
005930,1699196400000,69800,70900,69300,70900,22228489
005930,1699282800000,70600,70900,70000,70900,17228731
005930,1699369200000,71300,71400,69700,69900,12901310
005930,1699455600000,69900,70800,69600,70300,12301373
005930,1699542000000,70000,70500,69500,70500,9684347
005930,1699801200000,71300,71300,70300,70400,9246919
005930,1699887600000,71000,71100,70600,70800,9567984
005930,1699974000000,71600,72200,71500,72200,20148677
005930,1700060400000,72500,73000,72300,72800,15860451
005930,1700146800000,72300,73000,72300,72500,11494644
005930,1700406000000,72100,73000,72100,72700,10610157
005930,1700492400000,73100,73400,72700,72800,9712881
005930,1700578800000,72200,73000,71900,72800,11105143
005930,1700665200000,73000,73200,72200,72400,6775614
005930,1700751600000,72400,72600,71700,71700,6676685
005930,1701010800000,71500,72100,71100,71300,9113857
005930,1701097200000,71400,72700,71300,72700,13283081
005930,1701183600000,72400,72800,72200,72700,9283933
005930,1701270000000,72700,72800,72200,72800,15783714
005930,1701356400000,72400,72500,71700,72000,9871284
005930,1701615600000,72800,72900,72400,72600,10229267
005930,1701702000000,72300,72400,71200,71200,12129682
005930,1701788400000,71800,72100,71600,71700,8123087
005930,1701874800000,71800,71900,71100,71500,8862017
005930,1701961200000,72100,72800,71900,72600,10859463
005930,1702220400000,72800,73000,72200,73000,9861960
005930,1702306800000,73300,73500,73100,73500,13758646
005930,1702393200000,73300,73500,72800,72800,13116766
005930,1702479600000,74100,74300,72500,73100,27567593
005930,1702566000000,73800,74000,73200,73300,15419815
005930,1702825200000,73300,73400,72800,72900,9690551
005930,1702911600000,73000,73400,72800,73400,8907632
005930,1702998000000,74200,74900,73800,74800,16870156
005930,1703084400000,74600,75000,74300,75000,13478766
005930,1703170800000,75800,76300,75400,75900,14515608
005930,1703516400000,76100,76700,75700,76600,13164909
005930,1703602800000,76700,78000,76500,78000,20651042
005930,1703689200000,77700,78500,77500,78500,17797536
005930,1704121200000,78200,79800,78200,79600,17142847
005930,1704207600000,78500,78800,77000,77000,21753644
005930,1704294000000,76100,77300,76100,76600,15324439
005930,1704380400000,76700,77100,76400,76600,11304316
005930,1704639600000,77000,77500,76400,76500,11088724
005930,1704726000000,77400,77700,74300,74700,26019249
005930,1704812400000,75000,75200,73200,73600,20259529
005930,1704898800000,72900,73600,72700,73200,57691266
005930,1704985200000,73000,74100,72800,73100,13038939
005930,1705244400000,73200,74000,73200,73900,13212339
005930,1705330800000,73500,73700,72500,72600,14760415
005930,1705417200000,73100,73300,71000,71000,22683660
005930,1705503600000,71600,72000,70700,71700,17853397
005930,1705590000000,73500,74700,73000,74700,23363427
005930,1705849200000,75900,76000,75000,75100,19673375
005930,1705935600000,75700,75800,74300,75200,14786224
005930,1706022000000,75200,75200,73500,74000,12860661
005930,1706108400000,74200,74800,73700,74100,11737747
005930,1706194800000,73700,74500,73300,73400,11160062
005930,1706454000000,73800,75200,73500,74400,13976521
005930,1706540400000,75000,75300,73700,74300,12244418
005930,1706626800000,73400,74000,72500,72700,15703560
005930,1706713200000,73000,74200,72900,73600,19881033
005930,1706799600000,74000,75200,73700,75200,14955881
005930,1707058800000,74200,74800,73500,74300,19026021
005930,1707145200000,74300,74700,73300,74400,14559254
005930,1707231600000,74600,75500,74300,75000,16566445
005930,1707318000000,75000,75200,73600,74100,20810708
005930,1707750000000,74800,75200,74400,75200,21966745
005930,1707836400000,73700,74300,73700,74000,12434945
005930,1707922800000,74200,74400,73000,73000,14120600
005930,1708009200000,73300,73400,72500,72800,13444781
005930,1708268400000,72800,73900,72800,73800,12726404
005930,1708354800000,73700,73700,72800,73300,14681477
005930,1708441200000,73400,73700,72900,73000,11503495
005930,1708527600000,73800,73900,72700,73100,15208934
005930,1708614000000,73600,74200,72900,72900,16225166
005930,1708873200000,72300,73200,72200,72800,14669352
005930,1708959600000,73100,73400,72700,72900,13201981
005930,1709046000000,72900,73900,72800,73200,11795859
005930,1709132400000,72600,73400,72000,73400,21176403
005930,1709478000000,74300,75000,74000,74900,23210474
005930,1709564400000,74600,74800,73700,73700,19505125
005930,1709650800000,73200,73500,72700,72900,21547905
005930,1709737200000,73100,73300,72200,72200,14516963
005930,1709823600000,72800,73400,72600,73300,19271349
005930,1710082800000,72900,73100,72300,72400,9740504
005930,1710169200000,72600,73500,72100,73300,13011654
005930,1710255600000,73700,74100,73500,74100,15243134
005930,1710342000000,74400,74500,73600,74300,22545539
005930,1710428400000,73400,73700,72300,72300,22580555
005930,1710687600000,72600,73000,72500,72800,11520348
005930,1710774000000,72300,73000,71700,72800,15376066
005930,1710860400000,73700,77200,73400,76900,50106297
005930,1710946800000,79200,79300,77700,79300,44569799
005930,1711033200000,79600,79900,77800,78900,26724761
005930,1711292400000,79600,79800,77800,78200,18703996
005930,1711378800000,79700,80100,79200,79900,30551494
005930,1711465200000,79200,80000,79200,79800,17424595
005930,1711551600000,79400,81000,79200,80800,25084812
005930,1711638000000,81200,82500,80900,82400,27126366
005930,1711897200000,83200,83300,82000,82000,20116513
005930,1711983600000,82900,85000,82900,85000,37077944
005930,1712070000000,84300,85000,83500,84100,30493347
005930,1712156400000,85200,85500,84300,85300,25248934
005930,1712242800000,84500,85000,83800,84500,18883752
005930,1712502000000,85200,86000,84500,84500,18953232
005930,1712588400000,84500,84900,83100,83600,23725956
005930,1712761200000,83200,84700,82500,84100,25538009
005930,1712847600000,84700,84900,83200,83700,17061770
005930,1713106800000,82900,83200,81200,82200,26663772
005930,1713193200000,81200,81300,79400,80000,31949845
005930,1713279600000,80700,80800,78900,78900,22611631
005930,1713366000000,78800,80100,78300,79600,21370190
005930,1713452400000,78300,78700,76300,77600,31317563
005930,1713711600000,77400,77500,75100,76100,30469477
005930,1713798000000,76400,76800,75500,75500,18717699
005930,1713884400000,77500,78800,77200,78600,22166150
005930,1713970800000,77300,77500,76300,76300,15549134
005930,1714057200000,77800,77900,76500,76700,12755629
005930,1714316400000,77400,77600,76200,76700,14664474
005930,1714402800000,77000,78500,76600,77500,19007007
005930,1714575600000,77600,78600,77300,78000,18900640
005930,1714662000000,79000,79000,77500,77600,13151889
005930,1715007600000,79600,81300,79400,81300,26238868
005930,1715094000000,80800,81400,80500,81300,13089576
005930,1715180400000,81100,81500,79700,79700,18759935
005930,1715266800000,80400,81100,78900,79200,16976124
005930,1715526000000,79400,79900,77600,78400,18652344
005930,1715612400000,78600,78800,77900,78300,11763992
005930,1715785200000,80200,80300,78100,78200,20989778
005930,1715871600000,78600,78800,77200,77400,15918201
005930,1716130800000,78100,79100,77900,78900,19456783
005930,1716217200000,78500,79000,78200,78400,13690583
005930,1716303600000,78100,78700,77300,77700,19521506
005930,1716390000000,77700,79100,77100,78300,18728087
005930,1716476400000,76800,77000,75700,75900,27891278
005930,1716735600000,75300,78200,74000,77200,43825202
005930,1716822000000,76500,78000,76200,77600,18539072
005930,1716908400000,77700,78200,75200,75200,30244875
005930,1716994800000,74800,75200,73500,73500,28551273
005930,1717081200000,74500,74700,73500,73500,26198776
005930,1717340400000,74400,76400,74200,75700,15706268
005930,1717426800000,74900,76100,74900,75300,14098053
005930,1717513200000,78000,78000,76800,77400,23177968
005930,1717686000000,78400,78600,77100,77300,21189349
005930,1717945200000,76100,76600,75600,75700,14598755
005930,1718031600000,75900,76000,75100,75200,16971175
005930,1718118000000,75300,77100,75200,76500,19246725
005930,1718204400000,78400,79000,77800,78600,33763804
005930,1718290800000,79700,80500,79000,79600,22926612
005930,1718550000000,79200,79500,78000,78100,16123051
005930,1718636400000,78700,80200,78600,79800,18207598
005930,1718722800000,81100,82500,80500,81200,24168863
005930,1718809200000,81500,82200,81200,81600,20288913
005930,1718895600000,80700,80800,80000,80000,17907523
005930,1719154800000,79700,80900,79500,80600,15454227
005930,1719241200000,80600,81800,80100,80800,19088458
005930,1719327600000,80100,81400,79900,81300,17783242
005930,1719414000000,81300,81600,80500,81600,11739720
005930,1719500400000,81900,81900,80800,81500,9455929
005930,1719759600000,81500,82100,81300,81800,11317202
005930,1719846000000,82500,82600,81500,81800,14471904
005930,1719932400000,82300,82300,81000,81800,11440328
005930,1720018800000,82900,84700,82400,84600,43857229
005930,1720105200000,85600,87100,85200,87100,45791193
005930,1720364400000,87900,88600,86900,87400,24035809
005930,1720450800000,87800,88200,86900,87800,21336201
005930,1720537200000,87600,88000,87100,87800,17813847
005930,1720623600000,88500,88800,86700,87600,24677608
005930,1720710000000,85900,86100,84100,84400,26344386
005930,1720969200000,84700,87300,84100,86700,25193080
005930,1721055600000,86900,88000,86700,87700,16166688
005930,1721142000000,87100,88000,86400,86700,18186490
005930,1721228400000,83800,86900,83800,86900,24721790
005930,1721314800000,85600,86100,84100,84400,18569122
005930,1721574000000,84400,84900,82600,83000,18987560
005930,1721660400000,84200,84700,83400,83900,15766389
005930,1721746800000,82900,83300,81900,82000,16939083
005930,1721833200000,80400,81000,80100,80400,20323811
005930,1721919600000,80700,81300,80400,80900,14508334
005930,1722178800000,81600,82000,81100,81200,12797136
005930,1722265200000,80400,81000,80000,81000,13169636
005930,1722351600000,81200,83900,80900,83900,20744323
005930,1722438000000,86000,86100,83100,83100,20900338
005930,1722524400000,81000,81400,79500,79600,25800275
005930,1722783600000,76700,76900,70200,71400,54608790
005930,1722870000000,74900,75300,72300,72500,47295226
005930,1722956400000,73000,76000,72800,74700,32710428
005930,1723042800000,73200,73900,72500,73400,28414729
005930,1723129200000,75700,75800,74200,74700,16388222
005930,1723388400000,75200,75900,74800,75500,9839259
005930,1723474800000,76500,76600,75500,76100,10716261
005930,1723561200000,77400,77800,77000,77200,13246168
005930,1723734000000,79400,80200,78700,80200,22061478
005930,1723993200000,80100,80100,78000,78300,14146565
005930,1724079600000,79500,79800,78700,78900,10683836
005930,1724166000000,77900,78600,77800,78300,7805598
005930,1724252400000,78700,78900,77800,78300,8149101
005930,1724338800000,77700,78400,77500,77700,9420306
005930,1724598000000,78100,78200,76000,76100,15655938
005930,1724684400000,75700,76500,75600,75800,11130145
005930,1724770800000,75800,76400,75400,76400,9794514
005930,1724857200000,73600,74700,73500,74000,16884479
005930,1724943600000,74400,75000,74100,74300,16358520
005930,1725202800000,74500,74700,73500,74400,12641376
005930,1725289200000,74100,74300,72500,72500,16314599
005930,1725375600000,69800,71100,69800,70000,27366563
005930,1725462000000,70100,71200,69000,69000,25686769
005930,1725548400000,69100,69700,68000,68900,19022299
005930,1725807600000,66900,68200,66600,67500,23263298
005930,1725894000000,67000,67300,66000,66200,30651376
005930,1725980400000,65100,65500,64200,64900,35809707
005930,1726066800000,66000,66600,65200,66300,35884106
005930,1726153200000,65000,65500,64300,64400,25045135
005930,1726671600000,64000,64400,62200,63100,49402713
005930,1726758000000,63800,64700,63000,63000,32746056
005930,1727017200000,62300,63500,62200,62600,28542376
005930,1727103600000,62800,63400,62400,63200,26957500
005930,1727190000000,63800,64200,62200,62200,28652438
005930,1727276400000,63900,64900,63700,64700,37566015
005930,1727362800000,64700,65400,64200,64200,28433030
005930,1727622000000,64200,64300,61500,61500,32694163
005930,1727794800000,60500,61900,59900,61300,28473536
005930,1727967600000,61000,61700,60500,60600,24247578
005930,1728226800000,60200,61900,59500,61000,35066533
005930,1728313200000,60000,61000,59900,60300,27411786
005930,1728486000000,60100,60200,58900,58900,45262214
005930,1728572400000,59100,60100,59000,59300,29623969
005930,1728831600000,59500,61200,59400,60800,20886249
005930,1728918000000,61100,61400,60100,61000,22715239
005930,1729004400000,59400,60000,59200,59500,23303268
005930,1729090800000,59400,60100,59100,59700,23372873
005930,1729177200000,59900,60100,59100,59200,14420260
005930,1729436400000,59000,59600,58500,59000,18514905
005930,1729522800000,58800,58900,57700,57700,27582527
005930,1729609200000,57500,60000,57100,59100,27300780
005930,1729695600000,58200,58500,56600,56600,31499922
005930,1729782000000,56000,56900,55800,55900,25829315
005930,1730041200000,55700,58500,55700,58100,27775009
005930,1730127600000,58000,59600,57300,59600,28369314
005930,1730214000000,59100,59800,58600,59100,19838511
005930,1730300400000,58500,61200,58300,59200,35809196
005930,1730386800000,59000,59600,58100,58300,19083180
005930,1730646000000,58600,59400,58400,58700,15586947
005930,1730732400000,57800,58100,57200,57600,17484474
005930,1730818800000,57600,58000,56300,57300,22092218
005930,1730905200000,56900,58100,56800,57500,17043102
005930,1730991600000,58000,58300,57000,57000,13877396
005930,1731250800000,56700,56800,55000,55000,29811326
005930,1731337200000,54600,54600,53000,53000,37962881
005930,1731423600000,52000,53000,50500,50600,52527995
005930,1731510000000,50200,51800,49900,49900,48510715
005930,1731596400000,50300,54200,50300,53500,46774485
005930,1731855600000,57000,57500,55900,56700,48095234
005930,1731942000000,56500,57500,55900,56300,31539632
005930,1732028400000,56100,56500,54800,55300,20864667
005930,1732114800000,54900,56900,54700,56400,19096850
005930,1732201200000,56000,56700,55900,56000,15281543
005930,1732460400000,57400,57900,56700,57900,36237325
005930,1732546800000,57900,58900,57500,58300,23209405
005930,1732633200000,57700,57800,56000,56300,21808387
005930,1732719600000,56000,56400,55200,55500,20001134
005930,1732806000000,55100,55300,53800,54200,24513531
005930,1733065200000,54300,54400,53100,53600,22044867
005930,1733151600000,53100,54400,53100,53600,23374603
005930,1733238000000,52000,53400,52000,53100,29004766
005930,1733324400000,53200,54400,53200,53700,23588277
005930,1733410800000,53900,54400,52700,54100,22861874
005930,1733670000000,53500,54600,53200,53400,26227680
005930,1733756400000,54500,54500,53700,54000,20783970
005930,1733842800000,53600,54200,53400,54000,14565947
005930,1733929200000,54000,56500,53900,55900,33476698
005930,1734015600000,55800,56300,55500,56100,15908823
005930,1734274800000,56300,56600,55200,55600,15277277
005930,1734361200000,54700,55200,54000,54200,20215230
005930,1734447600000,54100,55400,54000,54900,13698937
005930,1734534000000,53500,53800,53100,53100,22481925
005930,1734620400000,52700,53100,51900,53000,24674774
005930,1734879600000,53400,54000,53300,53500,13672650
005930,1734966000000,53700,54500,53600,54400,11634677
005930,1735138800000,54500,54600,53500,53600,10517075
005930,1735225200000,53500,54100,53200,53700,10747196
005930,1735484400000,53300,54000,53100,53200,12624702
005930,1735743600000,52700,53600,52300,53400,16630538
005930,1735830000000,52800,55100,52800,54400,19318046
005930,1736089200000,54400,56200,54300,55900,19034284
005930,1736175600000,56800,57300,55400,55400,17030235
005930,1736262000000,54800,57500,54700,57300,26593553
005930,1736348400000,57600,57700,56100,56100,24490592
005930,1736434800000,56100,56500,55200,55300,16059223
005930,1736694000000,54600,55000,54100,54100,16868600
005930,1736780400000,54200,54600,53700,53900,17465926
005930,1736866800000,54100,54700,53500,53700,18625025
005930,1736953200000,54200,55000,54100,54300,18627298
005930,1737039600000,53800,54100,53200,53700,18805344
005930,1737298800000,53600,53900,53300,53400,11822531
005930,1737385200000,53700,54300,53300,53500,13535702
005930,1737471600000,53400,54400,53100,54300,18341991
005930,1737558000000,53700,54100,53500,53700,15588067
005930,1737644400000,53600,53800,53200,53700,11867631
005930,1738249200000,52200,53000,51700,52400,42186279
005930,1738508400000,51100,51400,50800,51000,32344897
005930,1738594800000,51600,53600,51500,52700,27214851
005930,1738681200000,53600,53800,52800,52900,15974885
005930,1738767600000,53400,54000,53200,54000,16466025
005930,1738854000000,53900,54200,53600,53700,14476866
005930,1739113200000,53000,55900,52900,55600,27577591
005930,1739199600000,55500,56300,55000,55700,24596196
005930,1739286000000,55100,55900,54500,55800,26428596
005930,1739372400000,56100,56400,55600,55800,22448377
005930,1739458800000,56000,57300,56000,56000,23979779
005930,1739718000000,56100,56500,55700,56000,11916027
005930,1739804400000,56200,57200,55900,56900,22131007
005930,1739890800000,57400,58900,57300,58700,25395151
005930,1739977200000,59100,59100,58100,58400,21589059
005930,1740063600000,58400,58500,57100,58200,22198428
005930,1740322800000,57300,57700,57200,57300,14138471
005930,1740409200000,56600,57800,56500,57200,14625181
005930,1740495600000,57000,57100,56100,56600,18117091
005930,1740582000000,56500,57100,56200,56300,14975356
005930,1740668400000,55400,55700,54500,54500,28036698
005930,1741014000000,53900,55000,53800,54500,18553933
005930,1741100400000,55100,55400,54000,54000,16578817
005930,1741186800000,54100,54500,54000,54300,12258101
005930,1741273200000,53500,54200,53400,53700,14274992
005930,1741532400000,53500,54800,53500,53700,12921670
005930,1741618800000,52500,54100,52500,53600,17740891
005930,1741705200000,53800,55300,53600,54900,17973221
005930,1741791600000,55800,55900,54200,54700,24132151
005930,1741878000000,54500,55100,54400,54700,10845154
005930,1742137200000,55500,57800,55400,57600,35559021
005930,1742223600000,58800,59000,57300,57600,28138594
005930,1742310000000,57400,59200,57400,58500,29421759
005930,1742396400000,59200,60300,58500,60200,34989004
005930,1742482800000,60900,61700,60400,61700,40155612
005930,1742742000000,61200,61600,60500,60500,14088094
005930,1742828400000,60900,61100,59500,59800,17259455
005930,1742914800000,59800,61400,59700,61400,16431645
005930,1743001200000,60900,62000,60800,61800,20389790
005930,1743087600000,60700,61100,60000,60200,16282514
005930,1743346800000,59500,59700,57800,57800,17633494
005930,1743433200000,58700,59600,57900,58800,13841706
005930,1743519600000,58800,59400,58300,58800,14402297
005930,1743606000000,56900,57800,56900,57600,19508076
005930,1743692400000,56200,58200,55700,56100,23527139
005930,1743951600000,53300,54100,53100,53200,31998883
005930,1744038000000,55000,55300,53300,53500,25532845
005930,1744124400000,53300,54300,52900,53000,20576960
005930,1744210800000,56600,56700,55000,56400,22948172
005930,1744297200000,55600,55700,54800,55200,13930480
005930,1744556400000,56300,56700,55800,56200,12852613
005930,1744642800000,56300,57100,56200,56600,8998640
005930,1744729200000,56000,56200,54500,54700,14437025
005930,1744815600000,54700,55300,54500,55100,10867069
005930,1744902000000,55300,55600,54900,55300,5848342
005930,1745161200000,55200,56000,55100,55400,5941847
005930,1745247600000,54900,55500,54700,55000,9532469
005930,1745334000000,56000,56100,55500,55700,11148692
005930,1745420400000,55600,55800,55200,55700,10580377
005930,1745506800000,56400,56400,55600,55700,12183303
005930,1745766000000,55800,55900,55500,55800,9341518
005930,1745852400000,55700,56500,55600,55800,10295518
005930,1745938800000,55900,56000,55300,55500,13014189
005930,1746111600000,55000,55500,54200,54300,22454204
005930,1746543600000,54500,55000,54300,54600,17136991
005930,1746630000000,55100,55500,54500,54600,16320532
005930,1746716400000,54700,55000,54400,54800,7814322
005930,1746975600000,55200,57600,55000,57600,15414702
005930,1747062000000,57700,58200,56800,56900,16842801
005930,1747148400000,57500,57900,57000,57400,12468089
005930,1747234800000,57400,58600,57100,57300,13139736
005930,1747321200000,57400,57500,56700,56800,10385352
005930,1747580400000,56400,56400,55500,55800,9802105
005930,1747666800000,56200,56700,55700,55900,9080577
005930,1747753200000,56200,56600,55700,55700,7794181
005930,1747839600000,55300,55500,54500,54700,15254278
005930,1747926000000,55000,55200,54100,54200,11247115
005930,1748185200000,53900,55000,53700,54700,10901337
005930,1748271600000,54200,54500,53800,53900,13439520
005930,1748358000000,54300,56100,54200,55900,17516283
005930,1748444400000,56200,56400,55600,56100,12936810
005930,1748530800000,56200,57200,55800,56200,26219683
005930,1748790000000,56300,57300,56200,56800,12870515
005930,1748962800000,57200,57900,56800,57800,19649983
005930,1749049200000,58100,59900,57900,59100,23266027
005930,1749394800000,60400,60400,59500,59800,19609659
005930,1749481200000,60000,60100,58800,59200,15305760
005930,1749567600000,59500,60100,59400,59900,13610734
005930,1749654000000,59700,60000,59300,59500,17755115
005930,1749740400000,60200,60200,57700,58300,20705979
005930,1749999600000,58000,58100,56900,57200,22200872
005930,1750086000000,57800,59800,57400,58100,28637003
005930,1750172400000,58000,59800,57900,59800,17620705
005930,1750258800000,60500,60600,59000,59200,16876278
005930,1750345200000,59400,59800,59100,59500,18072251
005930,1750604400000,58400,58500,57600,58000,16551694
005930,1750690800000,59400,60600,59300,60500,23737899
005930,1750777200000,61500,61600,60300,61300,23933612
005930,1750863600000,61300,61300,59900,60200,19402300
005930,1750950000000,60100,61600,60000,60800,17340470
005930,1751209200000,61200,61200,59800,59800,17110294
005930,1751295600000,60400,61100,60200,60200,13650991
005930,1751382000000,60200,60900,59800,60800,15047951
005930,1751468400000,61300,63800,61100,63800,32040639
005930,1751554800000,64700,64700,63000,63300,23748959
005930,1751814000000,62900,63300,61700,61700,17164708
005930,1751900400000,61600,62400,61000,61400,20213724
005930,1751986800000,61400,61400,60200,60400,17533415
005930,1752073200000,60600,61200,60400,61000,14768473
005930,1752159600000,61300,62800,61200,62600,19140650
005930,1752418800000,62300,62600,61800,62500,13563846
005930,1752505200000,62300,63800,62000,63700,18442202
005930,1752591600000,63700,64700,63100,64700,23042660
005930,1752678000000,65900,66800,64400,66700,39448683
005930,1752764400000,67000,67800,66300,67100,23951531
005930,1753023600000,67400,68800,67200,67800,17723148
005930,1753110000000,68100,68500,65600,66000,20829006
005930,1753196400000,66200,66500,64900,66400,15687058
005930,1753282800000,66500,66800,65900,66000,12660193
005930,1753369200000,65700,66300,65500,65900,8080910
005930,1753628400000,68200,70400,67200,70400,35332500
005930,1753714800000,70800,70800,68800,70600,28190940
005930,1753801200000,71000,73700,70600,72600,34761444
005930,1753887600000,73000,74000,71000,71400,26568072
005930,1753974000000,70200,72000,68800,68900,24038534
005930,1754233200000,69500,70200,68700,69700,14780072
005930,1754319600000,71000,71500,69700,69900,14392903
005930,1754406000000,69200,69400,68300,68800,12542415
005930,1754492400000,70800,71000,69700,70500,15008213
005930,1754578800000,71000,72400,70700,71800,22241128
005930,1754838000000,72000,72100,70800,71000,11354253
005930,1754924400000,71100,72400,71100,71100,15797656
005930,1755010800000,71900,72100,71400,71900,12305742
005930,1755097200000,71900,71900,71200,71600,11946122
005930,1755442800000,71100,71200,70000,70000,13595591
005930,1755529200000,70400,70700,69700,70000,10533082
005930,1755615600000,70100,70700,69400,70500,17445516
005930,1755702000000,71500,71900,70600,70600,18843833
005930,1755788400000,71700,71800,70800,71400,9277432
005930,1756047600000,71700,71800,71000,71500,10345178
005930,1756134000000,70800,71100,70300,70300,14712519
005930,1756220400000,70100,70900,69800,70600,10523405
005930,1756306800000,70100,70400,69600,69600,11578024
005930,1756393200000,70100,70500,69700,69700,11682267
005930,1756652400000,68400,68600,67500,67600,12002343
005930,1756738800000,67800,69500,67800,69100,10604028
005930,1756825200000,69200,69800,68800,69800,10283009
005930,1756911600000,69500,70100,69300,70100,12284414
005930,1756998000000,70300,70400,69500,69500,11526724
005930,1757257200000,69800,70500,69600,70100,9263135
005930,1757343600000,70100,71500,70000,71500,14870245
005930,1757430000000,71800,72800,71600,72600,21928565
005930,1757516400000,73200,73600,72100,73400,20793501
005930,1757602800000,74600,75600,74200,75400,28219678
005930,1757862000000,77200,77600,75900,76500,19908805
005930,1757948400000,76900,79500,76700,79400,28218265
005930,1758034800000,79100,79100,77100,78200,20856317
005930,1758121200000,79100,80500,78600,80500,25619035
005930,1758207600000,81100,81200,79600,79700,20898386
005930,1758466800000,81500,84000,81100,83500,27529656
005930,1758553200000,85800,85900,83600,84700,23610263
005930,1758639600000,84200,85500,83700,85400,18300997
005930,1758726000000,84400,86200,84100,86100,19665151
005930,1758812400000,85000,85300,82400,83300,24071193
005930,1759071600000,83300,85000,83200,84200,13069094
005930,1759158000000,84600,84900,83400,83900,16319061
005930,1759244400000,84900,86200,84700,86000,22039361
005930,1759330800000,89300,90300,88700,89000,49883028
005930,1760022000000,94000,94500,92700,94400,35269748
005930,1760281200000,91300,93400,90700,93300,23883308
005930,1760367600000,95300,96000,90200,91600,35545235
005930,1760454000000,92300,95300,92100,95000,21050111
005930,1760540400000,95300,97700,95000,97700,28141060
005930,1760626800000,97200,99100,96700,97900,22730809
005930,1760886000000,97900,98300,96000,98100,17589756
005930,1760972400000,98500,99900,97300,97500,22803830
005930,1761058800000,97100,98600,95500,98600,15937611
005930,1761145200000,96800,98500,96300,96500,18488581
005930,1761231600000,97900,99000,97700,98800,18801925
005930,1761490800000,101300,102000,100600,102000,22169970
005930,1761577200000,100900,101000,99100,99500,20002282
005930,1761663600000,100200,101000,99100,100500,20899788
005930,1761750000000,102400,105800,102000,104100,34570017
005930,1761836400000,105000,108600,103300,107500,54824564
005930,1762095600000,106900,111500,106500,111100,30110066
005930,1762182000000,111800,112400,104900,104900,30450281
005930,1762268400000,101000,102000,96700,100600,44843020
005930,1762354800000,103700,103800,98800,99200,28655689
005930,1762441200000,96400,100300,96300,97900,22908083
005930,1762700400000,98600,101000,97900,100600,23842327
005930,1762786800000,103700,106000,102000,103500,27742542
005930,1762873200000,103000,103900,101600,103100,19413497
005930,1762959600000,102500,104200,102300,102800,20838741
005930,1763046000000,99000,99600,97200,97200,21806342
005930,1763305200000,99800,101000,99500,100600,17192584
005930,1763391600000,99800,100900,97500,97800,18684068
005930,1763478000000,97100,97500,94600,96500,18993346
005930,1763564400000,100900,102900,99500,100600,25360435
005930,1763650800000,95600,96800,94500,94800,23103574
005930,1763910000000,97800,99000,96200,96700,29831172
005930,1763996400000,101400,101400,97800,99300,16110054
005930,1764082800000,100500,102900,99300,102800,21314975
005930,1764169200000,104100,105500,102700,103500,16453004
005930,1764255600000,103800,103800,100500,100500,15292277
005930,1764514800000,102000,102800,99900,100800,10905526
005930,1764601200000,101200,103500,101000,103400,13649487
005930,1764687600000,104700,105500,104000,104500,14697927
005930,1764774000000,103900,105100,103200,105100,11931145
005930,1764860400000,105300,108400,104600,108400,19755571
005930,1765119600000,109700,110000,108000,109500,15527762
005930,1765206000000,108900,109400,107300,108400,13671800
005930,1765292400000,108300,109800,107400,108000,12365092
005930,1765378800000,109200,110500,107300,107300,22994507
005930,1765465200000,107100,108900,106800,108900,14210314
005930,1765724400000,105300,105800,104600,104800,20594654
005930,1765810800000,104900,105600,102700,102800,18852079
005930,1765897200000,103500,108100,103400,107900,22297611
005930,1765983600000,106400,108200,105700,107600,20445631
005930,1766070000000,109700,109700,106200,106300,25917098
005930,1766329200000,109700,110500,109300,110500,24859171
005930,1766415600000,110900,112500,110400,111500,20419187
005930,1766502000000,112400,112400,110900,111100,12492939
005930,1766674800000,112400,117000,112400,117000,34018174
005930,1766934000000,119400,119700,118200,119500,19676004
005930,1767020400000,119100,121200,118700,119900,19746349
005930,1767279600000,120200,128500,120200,128500,30463279
005930,1767538800000,134600,138600,133600,138100,42863376
005930,1767625200000,135300,139300,132700,138900,45321341
005930,1767711600000,143500,144400,137600,141000,46317413
005930,1767798000000,138300,144500,138300,138800,41449329
005930,1767884400000,136000,140700,135200,139000,29520566
005930,1768143600000,141000,142000,136900,138800,26271134
005930,1768230000000,139800,140200,136900,137600,22384699
005930,1768316400000,137000,140300,136800,140300,18444394
005930,1768402800000,139000,144000,138300,143900,24701126
005930,1768489200000,145300,149500,144300,148900,30000219
005930,1768748400000,147200,150600,146600,149300,22762497
005930,1768834800000,148500,149300,143900,145200,24059218
005930,1768921200000,141900,149800,141800,149500,31703610
005930,1769007600000,155000,157000,150800,152300,32073624
005930,1769094000000,154700,156000,150100,152100,25407497
005930,1769353200000,154900,156400,151500,152100,20561689
005930,1769439600000,150500,159500,149200,159500,29423670
005930,1769526000000,162600,163300,160200,162400,29456431
005930,1769612400000,166200,166600,157100,160700,36087223
005930,1769698800000,160100,166500,160100,160500,40557267
005930,1769958000000,155700,159600,150400,150400,39748369
005930,1770044400000,157900,167500,157200,167500,36529813
005930,1770130800000,163500,169400,163100,169100,29943042
005930,1770217200000,162000,164000,158500,159300,38435228
005930,1770303600000,154100,160300,151600,158600,36358081
005930,1770562800000,168600,168700,165000,166400,25098971
005930,1770649200000,167400,168100,165500,165800,19369566
005930,1770735600000,164000,168600,162000,167800,22760242
005930,1770822000000,171200,179600,170100,178600,41296011
005930,1770908400000,179500,184400,178900,181200,34454192
005930,1771426800000,188000,190900,187100,190000,27049388
005930,1771513200000,190000,190300,188600,190100,24213880
005930,1771772400000,194400,197600,190500,193000,26364684
005930,1771858800000,193000,200000,192000,200000,28060617
005930,1771945200000,202500,206000,201000,203500,26987996
005930,1772031600000,206500,219000,206000,218000,30095763
005930,1772118000000,210000,223000,210000,216500,51774768
005930,1772463600000,209500,212500,195100,195100,54879010
005930,1772550000000,184200,195900,171900,172200,89427954
005930,1772636400000,195000,199700,188100,191600,53959129
005930,1772722800000,186100,189700,181000,188200,29522650
005930,1772982000000,173500,175500,167300,173500,43066020
005930,1773068400000,187600,191500,184300,187900,33530170
005930,1773154800000,193000,194800,187700,190000,24311356
005930,1773241200000,186600,190000,185900,187900,20440753
005930,1773327600000,180000,186200,179900,183500,19566331
005930,1773586800000,184600,189000,183600,188700,19747901
005930,1773673200000,198000,198000,193100,193900,20300082
005930,1773759600000,200500,209000,199700,208500,25148481
005930,1773846000000,199900,205000,199600,200500,19884483
005930,1773932400000,202000,202500,199000,199400,35279762
005930,1774191600000,190500,191200,186300,186300,30268173
005930,1774278000000,195500,196000,185500,189700,25458914
005930,1774364400000,193700,196400,189000,189000,22995904
005930,1774450800000,185500,185900,178900,180100,32074131
005930,1774537200000,172100,181700,172000,179700,29138966
005930,1774796400000,171000,176650,170600,176300,22269147
005930,1774882800000,170000,174700,167000,167200,38659593
005930,1774969200000,179000,190800,178000,189600,32390251
005930,1775055600000,192600,193600,175000,178400,38615231
005930,1775142000000,184200,187200,182700,186200,20194447
005930,1775401200000,190900,194600,190100,193100,20635958
005930,1775487600000,202000,202500,192400,196500,30848053
005930,1775574000000,214000,214500,207500,210500,35890973
005930,1775660400000,207000,207500,202000,204000,42320839
005930,1775746800000,208500,211000,205500,206000,18244459
005930,1776006000000,198200,203000,198200,201000,19603415
005930,1776092400000,208000,210000,205500,206500,23672078
005930,1776178800000,215000,215500,210000,211000,24092884
005930,1776265200000,212000,218000,210500,217500,21499788
005930,1776351600000,217000,218000,215000,216000,18079322
005930,1776610800000,214500,219000,213000,214500,17107741
005930,1776697200000,218000,220000,216000,219000,16752132
005930,1776783600000,218500,222500,215500,217500,16823480
005930,1776870000000,223000,229500,216000,224500,34525485
005930,1776956400000,224000,225000,216500,219500,19626666
005930,1777215600000,220000,226000,218500,224500,22870374
005930,1777302000000,224000,226000,221500,222000,18444490
005930,1777388400000,219500,228000,218500,226000,20363756
005930,1777474800000,229000,230000,220500,220500,22161975
005930,1777820400000,228000,232500,224000,232500,32920816
005930,1777993200000,254000,270000,251000,266000,53097996
005930,1778079600000,272000,277000,260000,271500,41404687
005930,1778166000000,260000,270000,260000,268500,25875880
005930,1778425200000,284500,288500,280000,285500,36031094
005930,1778511600000,290000,291500,266000,279000,41211149
005930,1778598000000,264000,285500,262000,284000,35540134
005930,1778684400000,282000,299500,282000,296000,39314752
005930,1778770800000,291000,296500,266000,270500,38075487
005930,1779030000000,269500,288500,262000,281000,33555214
005930,1779116400000,274000,281500,266000,275500,30767569
005930,1779202800000,278000,282500,263500,276000,35662077
005930,1779289200000,291000,299500,287000,299500,36168689
005930,1779375600000,300000,300500,292000,292500,18395274
005930,1779721200000,298000,302000,297500,299000,23441371
005930,1779807600000,321500,323000,306000,307000,33916688
005930,1779894000000,305000,306500,287500,299500,30195334
005930,1779980400000,309500,319000,305500,317000,37241537
005930,1780239600000,319500,354500,319500,349000,45052488
005930,1780326000000,360500,370000,342000,360500,44720282
005930,1780498800000,349000,366000,348000,351500,34771037
005930,1780585200000,333500,343000,325000,329000,33725012
005930,1780844400000,293000,315500,292500,295500,38929682
005930,1780930800000,310000,324000,300000,322000,30124249
005930,1781017200000,311000,314500,295250,302500,27050362
005930,1781103600000,290500,306500,287500,299000,31420307
005930,1781190000000,326000,339000,320000,322500,31006148
005930,1781449200000,342500,344500,334000,337000,21500067
005930,1781535600000,343000,345500,332500,343000,17548685
005930,1781622000000,332000,348000,331500,346500,18134051
005930,1781708400000,345000,363000,344500,362500,32764450
005930,1781794800000,372500,374500,346250,354000,43284898
005930,1782054000000,343000,350500,343000,345500,2214130
000660,1696345200000,113000,116600,113000,115400,4447702
000660,1696431600000,122900,122900,118100,120200,6112858
000660,1696518000000,120200,121600,119000,120400,4158083
000660,1696863600000,122800,124300,119500,119500,5580659
000660,1696950000000,123000,123900,119200,119200,4293299
000660,1697036400000,121100,124200,120500,124200,4016352
000660,1697122800000,123100,126300,122500,124700,3205273
000660,1697382000000,124700,125200,122400,124100,3008476
000660,1697468400000,125000,130800,123500,130000,6411880
000660,1697554800000,128600,130700,127200,130000,4760148
000660,1697641200000,127600,128900,125100,125700,5089745
000660,1697727600000,124300,127200,122800,126200,3868266
000660,1697986800000,126800,127200,123500,124000,2432303
000660,1698073200000,125400,127000,123900,126800,2802010
000660,1698159600000,127500,129000,126100,127500,3053002
000660,1698246000000,122100,124800,119500,120000,5961584
000660,1698332400000,119800,120900,117500,119100,5486088
000660,1698591600000,119100,121700,118700,119100,2798497
000660,1698678000000,119800,120900,116300,116300,3166739
000660,1698764400000,117900,120300,117000,120300,2707225
000660,1698850800000,123900,125400,123100,125300,3736208
000660,1698937200000,126500,127200,125000,125800,2796773
000660,1699196400000,125800,133000,125800,133000,6923192
000660,1699282800000,132000,133500,129300,130400,4940510
000660,1699369200000,131600,132700,126600,127600,3328279
000660,1699455600000,127700,129800,126700,128000,2228081
000660,1699542000000,127900,130800,127000,130500,2656526
000660,1699801200000,133000,134100,131000,131800,2644761
000660,1699887600000,133500,133500,130000,130000,2589591
000660,1699974000000,133900,134200,132100,134100,3616292
000660,1700060400000,133000,134400,131200,132300,2456351
000660,1700146800000,131500,132000,129100,129900,2438499
000660,1700406000000,129300,132000,129300,131400,2004403
000660,1700492400000,132000,133300,131600,132000,2439306
000660,1700578800000,129600,131600,129500,131300,2128566
000660,1700665200000,130600,131400,129500,130100,1839516
000660,1700751600000,130600,131000,128000,128000,1925668
000660,1701010800000,129200,130700,128400,130700,2264243
000660,1701097200000,132100,132100,129900,131400,2562226
000660,1701183600000,130200,131000,128900,130400,2227853
000660,1701270000000,129900,133900,129900,133900,3625365
000660,1701356400000,132200,133000,130800,132600,3641222
000660,1701615600000,133400,134600,131100,131100,2680820
000660,1701702000000,129700,130000,125400,125900,4375531
000660,1701788400000,126800,127500,125400,125600,2667583
000660,1701874800000,125600,127800,124500,125600,2478565
000660,1701961200000,128100,129100,127500,127500,2762531
000660,1702220400000,128700,129100,127300,128900,3696790
000660,1702306800000,130600,131900,130500,131000,3126577
000660,1702393200000,130000,132400,130000,131200,2852873
000660,1702479600000,133700,138300,133600,136700,8217135
000660,1702566000000,137000,140000,137000,140000,5011719
000660,1702825200000,139000,140800,138900,140000,2540812
000660,1702911600000,140000,140800,138100,138200,2309721
000660,1702998000000,139900,140800,139300,140500,3108011
000660,1703084400000,139200,140600,138100,140500,2737124
000660,1703170800000,142700,143700,140600,140600,3183709
000660,1703516400000,142000,142000,139400,140900,2239789
000660,1703602800000,140800,141600,139200,140400,2336777
000660,1703689200000,140900,141600,139500,141500,2459473
000660,1704121200000,139700,142800,139700,142400,2147458
000660,1704207600000,140000,140800,136800,136800,3257820
000660,1704294000000,136800,138800,135800,136400,2661970
000660,1704380400000,135800,137500,135800,137500,1846781
000660,1704639600000,137500,137900,135400,136000,2498302
000660,1704726000000,139000,139500,136600,137400,3473806
000660,1704812400000,137700,138100,132100,133500,3769252
000660,1704898800000,132400,137100,132400,136000,3594909
000660,1704985200000,136400,137300,133400,134100,1878915
000660,1705244400000,134800,135100,133300,134100,1858867
000660,1705330800000,132600,133700,131100,132100,3670169
000660,1705417200000,133800,134500,129000,131000,3822702
000660,1705503600000,131500,136800,130600,136200,3050556
000660,1705590000000,138700,141300,137400,141300,4946040
000660,1705849200000,145200,145400,142300,142600,3784276
000660,1705935600000,142300,142800,138300,140800,2912611
000660,1706022000000,140000,141700,137600,141500,2580665
000660,1706108400000,142700,143700,136900,137400,4708651
000660,1706194800000,136200,138600,136000,136000,3247410
000660,1706454000000,135500,137000,135000,135000,2311854
000660,1706540400000,135300,137800,134400,136900,2297631
000660,1706626800000,134800,136600,133600,134700,2815362
000660,1706713200000,133100,135600,131700,132700,3778274
000660,1706799600000,132300,135300,132200,134900,3708253
000660,1707058800000,134900,135800,131700,132300,3300954
000660,1707145200000,133700,138400,132000,138000,4672324
000660,1707231600000,136600,138500,135500,138000,3348045
000660,1707318000000,139000,143000,137900,142800,5780714
000660,1707750000000,146800,150000,145000,150000,6902585
000660,1707836400000,146300,149200,144900,148700,4396924
000660,1707922800000,151300,152700,148000,148700,3560211
000660,1708009200000,150600,150600,145700,146800,3265836
000660,1708268400000,146200,153200,146000,151300,3997323
000660,1708354800000,150300,151100,147500,149600,3507601
000660,1708441200000,147100,152200,147100,149000,4278500
000660,1708527600000,154500,156500,152600,156500,5966352
000660,1708614000000,166900,166900,159800,161400,7012032
000660,1708873200000,158400,164800,158400,161800,4329477
000660,1708959600000,159000,160000,153300,153800,6107954
000660,1709046000000,154500,159200,153800,158000,3666960
000660,1709132400000,154900,158400,154500,156200,3386307
000660,1709478000000,161000,168100,160700,166500,5230909
000660,1709564400000,165100,169000,164100,165800,3612530
000660,1709650800000,164100,165500,162700,162900,2672526
000660,1709737200000,164500,165900,161000,164900,3052700
000660,1709823600000,169800,174900,169300,171900,5089650
000660,1710082800000,165000,168900,164700,166600,3450905
000660,1710169200000,166100,167200,164000,165700,3102706
000660,1710255600000,168600,169700,162000,163600,5072935
000660,1710342000000,163600,164200,161100,161900,3655060
000660,1710428400000,159600,162900,158600,161200,4099531
000660,1710687600000,161200,164500,161000,164300,2696598
000660,1710774000000,161700,161800,157600,160200,4159293
000660,1710860400000,160200,161400,154100,156500,5692523
000660,1710946800000,165200,171400,162600,170000,9205769
000660,1711033200000,169000,173900,167400,169800,5400916
000660,1711292400000,170500,174800,168500,169400,3434516
000660,1711378800000,172000,179500,171900,176600,6549669
000660,1711465200000,176700,183000,175600,181200,5774536
000660,1711551600000,178000,182100,178000,178200,3424716
000660,1711638000000,179200,183900,177600,183000,3035080
000660,1711897200000,186400,190500,185000,185500,2723474
000660,1711983600000,188000,190000,184400,186300,4207759
000660,1712070000000,182000,183700,178200,179200,5416518
000660,1712156400000,184400,188500,184000,188000,5344102
000660,1712242800000,184800,187600,181800,182800,4043133
000660,1712502000000,183900,183900,180000,181200,3278855
000660,1712588400000,182300,185300,181700,182900,2302751
000660,1712761200000,182900,188400,182400,188400,4098231
000660,1712847600000,188700,191400,187000,187400,3097301
000660,1713106800000,185400,188400,183000,188200,2672047
000660,1713193200000,184400,185500,178300,179100,4956035
000660,1713279600000,179600,182500,177700,178700,4340591
000660,1713366000000,176000,183300,175400,182300,4170243
000660,1713452400000,177200,178500,169500,173300,7545976
000660,1713711600000,170700,172400,167000,171600,5882906
000660,1713798000000,172600,173700,169700,171000,3975371
000660,1713884400000,178900,180200,176300,179800,4254632
000660,1713970800000,173800,176700,170600,170600,5332149
000660,1714057200000,176200,178300,174900,177800,5471765
000660,1714316400000,179100,180400,175600,175900,2892809
000660,1714402800000,175900,179000,173800,174200,3655060
000660,1714575600000,169000,174700,169000,173600,3168250
000660,1714662000000,177000,177500,173200,173200,2336256
000660,1715007600000,179400,180900,179300,179600,4349589
000660,1715094000000,177600,179400,176000,178000,2304744
000660,1715180400000,179000,179400,175400,175400,2861600
000660,1715266800000,176500,180100,176400,179900,2813668
000660,1715526000000,180000,184000,179000,183800,3230023
000660,1715612400000,184200,185800,181800,185300,2763069
000660,1715785200000,191100,194000,191100,193000,5083178
000660,1715871600000,192000,193500,189900,189900,2841394
000660,1716130800000,192300,193200,188600,190100,3592128
000660,1716217200000,193400,193500,191200,192000,2468109
000660,1716303600000,191900,197700,190900,197700,3949439
000660,1716390000000,203500,204000,198200,200000,4681849
000660,1716476400000,199800,202500,197500,198600,3793872
000660,1716735600000,203500,209000,199100,201500,4774882
000660,1716822000000,202500,205500,200500,202500,2084945
000660,1716908400000,210000,210000,200500,202500,3073139
000660,1716994800000,202500,202500,195700,195700,2402236
000660,1717081200000,194400,195200,188200,189200,5958829
000660,1717340400000,189500,194600,188200,194200,2982443
000660,1717426800000,196400,196500,192900,193300,1996780
000660,1717513200000,189400,195200,188800,193700,2709631
000660,1717686000000,199500,207500,197300,207500,4805326
000660,1717945200000,206000,209500,205000,208000,2448961
000660,1718031600000,210000,215000,206000,212500,3070163
000660,1718118000000,212000,216000,211000,215000,2151331
000660,1718204400000,226000,226500,219000,222000,5777279
000660,1718290800000,225000,225000,216000,221000,3311223
000660,1718550000000,219000,229500,219000,223000,2198340
000660,1718636400000,227000,234500,227000,234500,3136231
000660,1718722800000,235000,243000,231500,233500,3758652
000660,1718809200000,233500,238500,231000,237500,2927358
000660,1718895600000,230500,234500,230000,234000,3848394
000660,1719154800000,228000,230000,220000,223000,5080726
000660,1719241200000,215500,225000,215000,225000,5730999
000660,1719327600000,228000,238500,227500,237000,5166862
000660,1719414000000,229500,239000,227500,236500,3763005
000660,1719500400000,235500,237500,232500,236500,2368287
000660,1719759600000,233500,236500,232000,235500,1709955
000660,1719846000000,235500,237000,230500,232000,2343947
000660,1719932400000,231000,236000,225000,236000,3315677
000660,1720018800000,240500,240500,225000,230000,7599882
000660,1720105200000,228500,237500,227500,236000,4041293
000660,1720364400000,234000,237000,232500,233500,2309023
000660,1720450800000,235500,241000,233000,238500,4810781
000660,1720537200000,237500,239000,234000,239000,2579373
000660,1720623600000,242500,248500,241000,241000,5336097
000660,1720710000000,232000,236000,230000,233000,4972976
000660,1720969200000,235000,235500,226500,230000,3301380
000660,1721055600000,226500,235000,224000,233000,3982189
000660,1721142000000,229500,230000,220500,220500,6051510
000660,1721228400000,212500,215000,209000,212500,8847665
000660,1721314800000,208500,214000,207000,209500,4519170
000660,1721574000000,209000,209500,200500,205000,6662441
000660,1721660400000,208500,209500,200500,205000,5976519
000660,1721746800000,202000,212500,200000,208500,4838734
000660,1721833200000,196200,198800,189000,190000,12503762
000660,1721919600000,190800,194500,186100,191800,8769107
000660,1722178800000,195000,195700,192200,195600,4017366
000660,1722265200000,191300,192200,186500,188900,5165131
000660,1722351600000,188000,195000,185200,194600,6439929
000660,1722438000000,201500,201500,193300,193300,6457167
000660,1722524400000,183600,184000,172400,173200,13050139
000660,1722783600000,168000,171200,151600,156100,12358821
000660,1722870000000,165100,166400,161500,163700,10717321
000660,1722956400000,160900,171000,157400,169300,9732037
000660,1723042800000,162600,168200,161200,163400,5370361
000660,1723129200000,172800,172800,168800,171500,5141277
000660,1723388400000,174500,179800,172600,177000,4413736
000660,1723474800000,179900,182400,178800,181900,4234287
000660,1723561200000,188000,188100,184700,186700,4420516
000660,1723734000000,196000,200000,194700,199700,6959688
000660,1723993200000,199900,199900,192400,193900,3977026
000660,1724079600000,198700,202500,198100,199700,4258190
000660,1724166000000,193000,195400,191100,192600,4508983
000660,1724252400000,192000,194400,189000,191100,3166217
000660,1724338800000,186000,189300,185400,185500,4371332
000660,1724598000000,187800,188500,179600,179600,4913204
000660,1724684400000,176800,180200,173400,175000,5796566
000660,1724770800000,175000,180800,174000,179300,5590086
000660,1724857200000,167600,171700,167200,169700,8284585
000660,1724943600000,171000,175500,169400,173700,4498221
000660,1725202800000,173600,174900,168400,174000,3507670
000660,1725289200000,172900,173800,168300,168300,3286574
000660,1725375600000,152900,159000,152900,154800,10020391
000660,1725462000000,157000,163000,156600,159400,5349484
000660,1725548400000,157100,158200,154900,156400,3459914
000660,1725807600000,151800,157700,150500,157000,4484162
000660,1725894000000,157400,161700,154300,155500,4718523
000660,1725980400000,156800,158700,154300,157200,3203928
000660,1726066800000,165200,171300,163800,168800,8628996
000660,1726153200000,166500,166700,161100,162800,5246578
000660,1726671600000,154700,155700,144700,152800,15001257
000660,1726758000000,160500,160800,155900,157100,7155655
000660,1727017200000,155800,162900,155700,162000,4497592
000660,1727103600000,163700,163700,159200,163500,3442530
000660,1727190000000,166700,169300,165000,165300,4665075
000660,1727276400000,178400,180900,176200,180900,9519633
000660,1727362800000,187500,189300,183800,183800,6886272
000660,1727622000000,183700,183800,174600,174600,4859468
000660,1727794800000,172700,175500,169100,169100,4720638
000660,1727967600000,171700,175600,170700,174100,3633358
000660,1728226800000,178400,184900,176000,184900,3904925
000660,1728313200000,182200,185000,178000,178000,3988028
000660,1728486000000,184500,188100,183400,186700,6325045
000660,1728572400000,190000,191200,185100,186000,3475666
000660,1728831600000,186900,192300,186900,187500,3309274
000660,1728918000000,191900,193200,189700,192900,4060365
000660,1729004400000,184700,192500,183600,188700,4787317
000660,1729090800000,191200,196000,188700,196000,3996946
000660,1729177200000,198200,198200,186200,187300,5509895
000660,1729436400000,189400,192300,188000,190900,2428544
000660,1729522800000,195300,195300,187500,187800,3466963
000660,1729609200000,188500,196700,188000,196000,4366079
000660,1729695600000,193500,202000,190000,198200,6344515
000660,1729782000000,203000,206000,199400,201000,5530362
000660,1730041200000,203500,205000,194200,196000,4114186
000660,1730127600000,196000,197000,189100,190300,4067991
000660,1730214000000,190200,195400,189400,195000,3580400
000660,1730300400000,189900,192900,186100,186300,4573282
000660,1730386800000,182500,184900,180500,182200,3478519
000660,1730646000000,185200,194000,183700,194000,3569575
000660,1730732400000,193600,198800,192100,193200,3560310
000660,1730818800000,197700,199200,192700,195800,3460361
000660,1730905200000,197400,198300,193100,197400,2976546
000660,1730991600000,200500,203000,198800,200500,3031573
000660,1731250800000,199300,199300,192400,192600,2636191
000660,1731337200000,192500,192500,184900,185800,3920254
000660,1731423600000,185700,189500,182600,182900,3172827
000660,1731510000000,182900,184900,171700,173000,6309368
000660,1731596400000,174000,179000,173600,178200,4330750
000660,1731855600000,173800,177800,170300,171700,3885644
000660,1731942000000,170400,172900,168100,170600,4075013
000660,1732028400000,175000,175100,170200,170600,3689296
000660,1732114800000,168200,173000,168200,168800,3821502
000660,1732201200000,171700,178200,171200,176700,3919973
000660,1732460400000,174500,179500,173900,177000,4393882
000660,1732546800000,175200,177700,174700,177100,1996128
000660,1732633200000,175600,175700,167900,168300,4756820
000660,1732719600000,164600,166300,160800,161100,5691298
000660,1732806000000,160000,162400,157600,159900,4682788
000660,1733065200000,162200,162700,158600,158800,3558868
000660,1733151600000,159200,165100,159100,164900,4180365
000660,1733238000000,161300,168000,161100,168000,5701792
000660,1733324400000,170000,175600,169300,173000,4671438
000660,1733410800000,173500,173600,165000,167100,4434259
000660,1733670000000,167100,170600,165000,168900,5305672
000660,1733756400000,168000,170400,167600,170400,3159112
000660,1733842800000,167400,171800,167000,171800,2281189
000660,1733929200000,176500,177400,173500,176100,4550292
000660,1734015600000,174400,176400,173500,175500,3677980
000660,1734274800000,177400,180400,177300,179300,3278975
000660,1734361200000,183000,184500,182100,184000,3188910
000660,1734447600000,183400,183900,181600,183500,2363872
000660,1734534000000,173900,176800,173000,175000,4833862
000660,1734620400000,174100,174800,167100,168500,4487308
000660,1734879600000,170000,173300,169600,169600,3287596
000660,1734966000000,171700,171900,168300,168500,1844961
000660,1735138800000,170000,172000,169400,170100,2022727
000660,1735225200000,170100,176000,170000,174500,2643523
000660,1735484400000,174000,175800,172400,173900,1434202
000660,1735743600000,170500,172200,170000,171200,2102175
000660,1735830000000,174500,182700,173100,181900,4233446
000660,1736089200000,184400,199800,184400,199800,7320382
000660,1736175600000,205000,206500,194800,195000,6075445
000660,1736262000000,193100,198100,191000,194700,4275792
000660,1736348400000,201000,206000,199800,205000,6692254
000660,1736434800000,208000,212500,202500,203500,6149475
000660,1736694000000,203000,203000,193900,194300,4767294
000660,1736780400000,194300,197900,193600,195000,3019149
000660,1736866800000,198000,201000,197700,198200,3620460
000660,1736953200000,208500,210000,206500,210000,6029645
000660,1737039600000,209500,217500,209000,214500,5041329
000660,1737298800000,219000,219000,210500,212000,3036234
000660,1737385200000,216500,220000,214000,218000,3323212
000660,1737471600000,221500,227000,217000,225500,5901740
000660,1737558000000,221000,225500,215000,219500,5994781
000660,1737644400000,220500,227000,217500,221000,3771572
000660,1738249200000,197000,204500,194800,199200,11871995
000660,1738508400000,191500,193200,186900,190900,7926444
000660,1738594800000,192900,194300,190100,191100,5851146
000660,1738681200000,191900,199400,191900,198800,4245118
000660,1738767600000,202000,205000,200500,203500,4032622
000660,1738854000000,205000,206000,200500,203000,2206293
000660,1739113200000,197800,203000,197000,198100,2779740
000660,1739199600000,201000,201500,198000,199700,2488710
000660,1739286000000,196500,199900,196000,198900,2884072
000660,1739372400000,198800,208500,198100,208500,3574410
000660,1739458800000,209000,212000,206500,210000,2598656
000660,1739718000000,211500,216000,211000,212000,2497922
000660,1739804400000,212000,215000,207000,210000,1937894
000660,1739890800000,216000,219500,214000,218500,3537720
000660,1739977200000,217000,218500,211000,212000,3080242
000660,1740063600000,209500,211000,205500,209500,2601151
000660,1740322800000,202500,205000,201000,205000,3087127
000660,1740409200000,199800,202000,199200,200500,3651613
000660,1740495600000,199000,206000,198600,203000,3849749
000660,1740582000000,204500,205000,198100,199200,3993419
000660,1740668400000,191600,193000,188700,190200,5533027
000660,1741014000000,184800,187500,184000,186100,5424556
000660,1741100400000,188200,194400,186600,193100,4162368
000660,1741186800000,193500,194000,190300,192400,2540131
000660,1741273200000,191000,192800,187900,192400,2700590
000660,1741532400000,187500,191500,187300,187900,2441476
000660,1741618800000,182100,189000,181300,187800,3521800
000660,1741705200000,192400,199350,189700,198900,4064278
000660,1741791600000,202500,204500,195500,199700,3883033
000660,1741878000000,198500,206000,198500,204500,3397462
000660,1742137200000,207000,209500,203500,206000,2584679
000660,1742223600000,208500,209000,201000,203000,2696191
000660,1742310000000,202000,209500,201000,205500,3102000
000660,1742396400000,207000,211000,205500,210000,2779557
000660,1742482800000,213500,219500,212000,215500,5731880
000660,1742742000000,211500,214500,209500,211500,1611040
000660,1742828400000,214500,215500,208000,208000,2262656
000660,1742914800000,209000,215500,208500,214000,2058540
000660,1743001200000,208000,212000,206500,207000,2287220
000660,1743087600000,203000,204500,198900,199300,2673553
000660,1743346800000,193500,195500,190500,190700,4561715
000660,1743433200000,193600,198500,192000,197000,2317253
000660,1743519600000,198800,201500,197300,197900,2764223
000660,1743606000000,189600,194600,188200,194600,4177747
000660,1743692400000,187900,189600,178400,182200,9182017
000660,1743951600000,168000,172800,164800,164800,7879050
000660,1744038000000,172000,173100,168200,169500,4965171
000660,1744124400000,170000,170000,162700,165000,8035679
000660,1744210800000,189700,189900,180000,183200,7836984
000660,1744297200000,177800,181800,176100,180800,3223735
000660,1744556400000,182900,184400,178000,180200,3466194
000660,1744642800000,180200,182400,179700,180600,1915455
000660,1744729200000,176500,177500,173500,174000,2933428
000660,1744815600000,172100,175400,171800,175000,2989493
000660,1744902000000,174000,175500,172800,175000,1305152
000660,1745161200000,174800,180000,174500,176600,1877473
000660,1745247600000,175000,175500,173300,173800,2008388
000660,1745334000000,179100,181600,178100,181000,3857373
000660,1745420400000,182800,183400,177600,178300,3162156
000660,1745506800000,182500,184900,182100,184400,3507810
000660,1745766000000,183500,183900,179700,182000,2455710
000660,1745852400000,182000,182900,179100,180800,1866386
000660,1745938800000,179100,180000,176700,177500,2354473
000660,1746111600000,179400,186200,178400,186000,3886874
000660,1746543600000,187700,191500,185900,190800,3830097
000660,1746630000000,196000,196000,189400,190300,5125330
000660,1746716400000,192000,192800,186800,190100,2539822
000660,1746975600000,193600,195200,193500,195000,1624884
000660,1747062000000,200500,201500,197300,198500,3385009
000660,1747148400000,207000,207000,204000,206000,3333511
000660,1747234800000,207500,208000,199500,200500,3178957
000660,1747321200000,206000,206750,203500,204500,2419507
000660,1747580400000,203000,203000,197500,199400,2482673
000660,1747666800000,202500,208000,201500,202000,2820546
000660,1747753200000,204500,205000,199900,200500,1721760
000660,1747839600000,199900,201500,196500,196900,1988587
000660,1747926000000,199900,201500,198700,200000,1538701
000660,1748185200000,200000,203500,196900,203000,1459997
000660,1748271600000,200500,203500,200000,202500,1424916
000660,1748358000000,206500,209500,206000,208000,3161188
000660,1748444400000,214500,214500,207500,212000,3827689
000660,1748530800000,210000,210000,203000,204500,4826628
000660,1748790000000,205000,208500,203000,207500,1775752
000660,1748962800000,218000,223000,216500,217500,5108674
000660,1749049200000,225500,230000,222000,224500,5768506
000660,1749394800000,233000,233500,228000,229000,3666084
000660,1749481200000,231000,232500,227500,230500,3718655
000660,1749567600000,236000,241000,235000,240000,4230421
000660,1749654000000,242500,246500,235000,235500,4994238
000660,1749740400000,240500,243000,233750,235500,4100610
000660,1749999600000,238000,248500,238000,248000,3760740
000660,1750086000000,253000,260000,248000,249000,5044669
000660,1750172400000,245500,252000,245000,246500,4081001
000660,1750258800000,247000,250000,242000,246000,2317796
000660,1750345200000,249000,257000,247500,257000,3597877
000660,1750604400000,252500,263000,248500,259500,3398736
000660,1750690800000,270000,283000,269500,278500,5436312
000660,1750777200000,289000,291500,284000,286000,5466598
000660,1750863600000,294500,298500,287000,293000,5894020
000660,1750950000000,288000,294500,281000,284000,5134863
000660,1751209200000,288500,294500,286000,292000,4375298
000660,1751295600000,291000,294500,285500,285500,3687981
000660,1751382000000,283500,283500,274500,279000,4702056
000660,1751468400000,281000,284000,277000,278500,3642140
000660,1751554800000,279500,281500,269000,270500,3654933
000660,1751814000000,266000,272000,264500,271000,2523564
000660,1751900400000,271000,285000,268500,282000,3119395
000660,1751986800000,282500,284000,277500,281000,2626484
000660,1752073200000,284000,297000,283500,297000,4556065
000660,1752159600000,299500,306500,292000,294500,3732533
000660,1752418800000,292500,302500,292500,300000,2936976
000660,1752505200000,296000,298500,290000,298500,4196196
000660,1752591600000,298500,299500,292500,296000,3123297
000660,1752678000000,283500,289500,268000,269500,9328322
000660,1752764400000,270000,275000,267000,269000,5359504
000660,1753023600000,267500,274500,266500,272500,2424891
000660,1753110000000,273000,273500,267000,268500,3139858
000660,1753196400000,267500,271000,264500,269000,3116279
000660,1753282800000,277000,279000,269000,269500,3667144
000660,1753369200000,273000,275000,265500,266000,2171063
000660,1753628400000,261000,265500,258500,262000,2877357
000660,1753714800000,254500,265000,254500,262500,2944177
000660,1753801200000,263000,266000,260500,263500,2482807
000660,1753887600000,271000,274000,265500,273500,3472644
000660,1753974000000,266000,267000,257000,258000,3227394
000660,1754233200000,254500,260000,254000,258000,2281558
000660,1754319600000,264000,264500,260500,263500,2118171
000660,1754406000000,260500,260500,257500,258500,1374559
000660,1754492400000,258000,263000,250000,262000,2724438
000660,1754578800000,262000,266000,255500,256500,2676174
000660,1754838000000,260500,267500,260000,267000,2415473
000660,1754924400000,268000,276000,267500,269000,3008648
000660,1755010800000,278000,279000,274000,278000,3472694
000660,1755097200000,277500,277500,270500,276500,2101050
000660,1755442800000,272000,272000,267000,267500,1993220
000660,1755529200000,268500,270000,261500,263000,1709646
000660,1755615600000,254500,257000,251000,255500,3571545
000660,1755702000000,246500,251000,245000,245000,6301130
000660,1755788400000,245500,252500,245500,251000,3064062
000660,1756047600000,256000,261500,254000,259500,3183709
000660,1756134000000,259500,262500,257000,261500,2050625
000660,1756220400000,259000,261000,256000,260000,2801594
000660,1756306800000,254000,268500,253000,268500,3836024
000660,1756393200000,268000,270000,266000,269000,1892127
000660,1756652400000,259500,261000,255000,256000,1837054
000660,1756738800000,256000,261500,256000,260500,1584710
000660,1756825200000,259500,265500,257750,262500,2437896
000660,1756911600000,267000,271000,264500,265500,2189959
000660,1756998000000,273000,275000,272000,273500,3103427
000660,1757257200000,278500,279000,274000,277000,2018299
000660,1757343600000,278000,288500,277000,288000,4158342
000660,1757430000000,294500,305000,293000,304000,5265553
000660,1757516400000,310000,315000,305500,307000,5148088
000660,1757602800000,322000,329500,319000,328500,4242516
000660,1757862000000,339500,341500,325000,331000,4221256
000660,1757948400000,331500,354000,331500,348000,5841135
000660,1758034800000,341000,342500,333500,333500,4498866
000660,1758121200000,338500,357000,336500,353000,4526286
000660,1758207600000,351500,360000,348000,353000,4385543
000660,1758466800000,349000,359000,345250,351000,4377563
000660,1758553200000,355500,363000,353000,361000,3315336
000660,1758639600000,359000,364000,348500,357500,4165199
000660,1758726000000,352000,359000,349500,356500,2148215
000660,1758812400000,347500,349000,333000,336500,3685324
000660,1759071600000,339500,351000,339000,349000,2275986
000660,1759158000000,353000,356500,347500,347500,2238614
000660,1759244400000,351000,362000,351000,360000,2802437
000660,1759330800000,388500,404500,384000,395500,7430763
000660,1760022000000,426000,439250,416500,428000,6835852
000660,1760281200000,405500,415500,403000,415000,4356534
000660,1760367600000,425000,436500,406500,411500,4101275
000660,1760454000000,410500,424000,407000,422500,2688019
000660,1760540400000,421000,455000,420500,452500,4247934
000660,1760626800000,451500,475000,449500,465500,4541583
000660,1760886000000,477500,485500,465500,485500,3333903
000660,1760972400000,497000,502000,478000,479000,4126858
000660,1761058800000,475000,482000,469000,481500,3870276
000660,1761145200000,470000,488500,468000,478500,3583993
000660,1761231600000,493000,513000,491500,510000,4254202
000660,1761490800000,533000,537000,523000,535000,3381231
000660,1761577200000,521000,527000,509000,521000,5659008
000660,1761663600000,538000,559000,523000,558000,4803031
000660,1761750000000,558000,579000,552000,568000,4888461
000660,1761836400000,557000,566000,552000,559000,3351809
000660,1762095600000,557000,624000,555000,620000,5787058
000660,1762182000000,611000,614000,583000,586000,5969769
000660,1762268400000,563000,587000,532000,579000,8976222
000660,1762354800000,602000,607000,583000,593000,5321244
000660,1762441200000,577000,599000,565000,580000,4789397
000660,1762700400000,584000,615000,581000,606000,4893645
000660,1762786800000,622000,646000,604000,619000,5508697
000660,1762873200000,605000,620000,601000,617000,2831484
000660,1762959600000,607000,622000,607000,612000,3875541
000660,1763046000000,579000,585000,560000,560000,5778374
000660,1763305200000,588000,606000,584000,606000,4470947
000660,1763391600000,583000,591000,570000,570000,3544391
000660,1763478000000,563000,570000,546000,562000,4529736
000660,1763564400000,595000,597000,570000,571000,4670237
000660,1763650800000,518000,531000,514000,521000,6646712
000660,1763910000000,531000,542000,517000,520000,6399162
000660,1763996400000,546000,550000,518000,519000,3716730
000660,1764082800000,513000,528000,501000,524000,5127393
000660,1764169200000,535000,556000,533000,544000,3654092
000660,1764255600000,551000,552000,530000,530000,2680138
000660,1764514800000,542000,545000,525000,538000,3134704
000660,1764601200000,548000,559000,542000,558000,2686580
000660,1764687600000,550000,559000,544000,552000,2586619
000660,1764774000000,542000,543000,532000,542000,2858305
000660,1764860400000,530000,546000,527000,544000,3204933
000660,1765119600000,543000,580000,533000,577000,4288433
000660,1765206000000,569000,575000,564000,566000,2391174
000660,1765292400000,571000,593000,570000,587000,3986083
000660,1765378800000,583000,589000,565000,565000,4021907
000660,1765465200000,565000,579000,560000,571000,2646148
000660,1765724400000,535000,563500,535000,554000,2482125
000660,1765810800000,545000,551000,530000,530000,3287998
000660,1765897200000,530000,554000,525000,551000,2692626
000660,1765983600000,538000,563000,537000,552000,2959059
000660,1766070000000,569000,570000,547000,547000,3440005
000660,1766329200000,574000,580000,567000,580000,2878464
000660,1766415600000,585000,593000,581000,584000,2011188
000660,1766502000000,587000,591000,584000,588000,2160697
000660,1766674800000,594000,605000,590000,599000,4243548
000660,1766934000000,630000,640000,625000,640000,4176151
000660,1767020400000,639000,659000,634000,651000,4094603
000660,1767279600000,651000,679000,647000,677000,4181895
000660,1767538800000,698000,700000,684000,696000,4337511
000660,1767625200000,690000,727000,671000,726000,4830275
000660,1767711600000,760000,762000,728000,742000,5693115
000660,1767798000000,731000,788000,731000,756000,6496379
000660,1767884400000,744000,756000,727000,744000,4343703
000660,1768143600000,755000,762000,735000,749000,3329793
000660,1768230000000,753000,754000,724000,738000,3771944
000660,1768316400000,733000,750000,728000,742000,4885051
000660,1768402800000,732000,750000,727000,749000,3003414
000660,1768489200000,751000,763000,747000,756000,3712326
000660,1768748400000,755000,774000,750000,764000,3392008
000660,1768834800000,764000,764000,737000,743000,2762369
000660,1768921200000,729000,756000,728000,740000,5108442
000660,1769007600000,766000,773000,751000,755000,3545309
000660,1769094000000,754000,776000,744000,767000,3508272
000660,1769353200000,753000,754000,736000,736000,3133330
000660,1769439600000,738000,800000,733000,800000,5660198
000660,1769526000000,810000,854000,803000,841000,6708497
000660,1769612400000,879000,884000,819000,861000,6837983
000660,1769698800000,854000,931000,853000,909000,7875195
000660,1769958000000,870000,888000,830000,830000,7634191
000660,1770044400000,874000,907000,871000,907000,5272538
000660,1770130800000,884000,906000,883000,900000,3800763
000660,1770217200000,851000,877000,838000,842000,5473720
000660,1770303600000,805000,850000,791000,839000,5581574
000660,1770562800000,898000,899000,873000,887000,4228584
000660,1770649200000,894000,905000,876000,876000,3441377
000660,1770735600000,860000,874000,848000,860000,3125590
000660,1770822000000,882000,894000,878000,888000,4619344
000660,1770908400000,889000,903000,878000,880000,3534047
000660,1771426800000,905000,913000,888000,894000,3285109
000660,1771513200000,892000,955000,881000,949000,5054333
000660,1771772400000,980000,980000,941000,951000,3523887
000660,1771858800000,952000,1005000,946000,1005000,4102382
000660,1771945200000,1012000,1038000,1004000,1018000,3462525
000660,1772031600000,1024000,1099000,1023000,1099000,4461976
000660,1772118000000,1050000,1096000,1048000,1061000,6453062
000660,1772463600000,1022000,1040000,939000,939000,6818327
000660,1772550000000,894000,954000,846000,849000,9253420
000660,1772636400000,976000,992000,927000,941000,6442459
000660,1772722800000,912000,938000,885000,924000,3744322
000660,1772982000000,851000,864000,808000,836000,7253621
000660,1773068400000,915000,950000,899000,938000,5304897
000660,1773154800000,954000,985000,941000,955000,3916098
000660,1773241200000,938000,963000,928000,930000,3711742
000660,1773327600000,891000,929000,884000,910000,3645102
000660,1773586800000,925000,975000,924000,974000,3829496
000660,1773673200000,1009000,1010000,969000,970000,3326240
000660,1773759600000,1000000,1060000,999000,1056000,4347884
000660,1773846000000,1008000,1043000,1003000,1013000,3347483
000660,1773932400000,1023000,1026000,1002000,1007000,3426646
000660,1774191600000,952000,963000,927000,933000,3911813
000660,1774278000000,993000,994000,938000,986000,4352152
000660,1774364400000,1016000,1042000,988000,995000,4463869
000660,1774450800000,965000,973000,931000,933000,4660620
000660,1774537200000,890000,934000,880000,922000,4520942
000660,1774796400000,867000,884000,862000,873000,4498502
000660,1774882800000,817000,852000,806000,807000,7194351
000660,1774969200000,884000,905000,858000,893000,6255058
000660,1775055600000,912000,914000,818000,830000,6127534
000660,1775142000000,867000,886000,860000,876000,2927164
000660,1775401200000,877000,901500,869000,886000,3100989
000660,1775487600000,917000,933000,888000,916000,3619929
000660,1775574000000,1007000,1056000,992000,1033000,6709356
000660,1775660400000,1015000,1025000,990000,998000,5026817
000660,1775746800000,1030000,1042000,1024000,1027000,3134921
000660,1776006000000,999000,1043000,996000,1040000,2769753
000660,1776092400000,1092000,1128000,1078000,1103000,4754545
000660,1776178800000,1165000,1173000,1130000,1136000,4093703
000660,1776265200000,1141000,1161000,1130000,1155000,2901319
000660,1776351600000,1149000,1155000,1121000,1128000,3578235
000660,1776610800000,1148000,1175000,1141000,1166000,3748014
000660,1776697200000,1196000,1228000,1193000,1224000,3516960
000660,1776783600000,1227000,1233000,1195000,1223000,2894919
000660,1776870000000,1220000,1267000,1183000,1225000,5343871
000660,1776956400000,1237000,1242000,1193000,1222000,3127857
000660,1777215600000,1253000,1317000,1249000,1292000,4563073
000660,1777302000000,1313000,1328000,1296000,1300000,3002713
000660,1777388400000,1284000,1317000,1281000,1293000,3001208
000660,1777474800000,1312000,1325000,1286000,1286000,3342342
000660,1777820400000,1339000,1450000,1333000,1447000,5776641
000660,1777993200000,1590000,1614000,1557000,1601000,6631934
000660,1778079600000,1622000,1665000,1567000,1654000,5860618
000660,1778166000000,1591000,1689000,1591000,1686000,4278087
000660,1778425200000,1833000,1949000,1826000,1880000,7433039
000660,1778511600000,1944000,1967000,1804000,1835000,9160593
000660,1778598000000,1781000,1990000,1781000,1976000,7126921
000660,1778684400000,1976000,1994000,1937000,1970000,6040068
000660,1778770800000,1950000,1995000,1789000,1819000,7485233
000660,1779030000000,1780000,1897000,1731000,1840000,6481608
000660,1779116400000,1791000,1823000,1740000,1745000,4575855
000660,1779202800000,1743000,1778000,1690000,1745000,5535123
000660,1779289200000,1801000,1954000,1796000,1940000,5096690
000660,1779375600000,1942000,1952000,1912000,1941000,3135190
000660,1779721200000,2008000,2087000,2006000,2052000,4903591
000660,1779807600000,2279000,2358000,2200000,2243000,7545783
000660,1779894000000,2189000,2305000,2151000,2289000,6229499
000660,1779980400000,2352000,2379000,2290500,2333000,8518013
000660,1780239600000,2299000,2398000,2296000,2363000,5602897
000660,1780326000000,2376000,2407000,2259000,2360000,5837216
000660,1780498800000,2284000,2327000,2262000,2298000,3941067
000660,1780585200000,2142000,2188000,2070000,2070000,5778751
000660,1780844400000,1856000,2072000,1855000,1911000,6610833
000660,1780930800000,2050000,2226000,1998000,2215000,5878039
000660,1781017200000,2137000,2180000,1992000,2048000,4928269
000660,1781103600000,1975000,2163000,1960000,2101000,6625775
000660,1781190000000,2281000,2304000,2150000,2150000,5286416
000660,1781449200000,2283000,2322000,2265000,2288000,3872910
000660,1781535600000,2381000,2400000,2286000,2382000,3644469
000660,1781622000000,2335000,2523000,2334000,2521000,3980010
000660,1781708400000,2556000,2738000,2556000,2685000,5808765
000660,1781794800000,2824000,2891000,2688000,2764000,7478195
000660,1782054000000,2728000,2789000,2728000,2779000,416294
005380,1696345200000,188000,193200,187100,190800,641075
005380,1696431600000,190900,192200,189500,190500,396264
005380,1696518000000,191000,192600,189600,192200,345787
005380,1696863600000,192700,192800,187700,188400,575373
005380,1696950000000,189000,191400,189000,189400,490998
005380,1697036400000,189600,189800,187700,188000,451893
005380,1697122800000,187500,188400,187100,187100,254250
005380,1697382000000,186900,188300,186500,186800,291429
005380,1697468400000,188300,189300,187100,188500,423633
005380,1697554800000,190400,193000,189500,191800,532948
005380,1697641200000,189900,190800,188800,188900,408555
005380,1697727600000,187800,188600,183500,183500,602367
005380,1697986800000,184200,186100,183800,185400,286602
005380,1698073200000,186900,187000,181400,182800,418638
005380,1698159600000,182700,183700,182000,182000,374888
005380,1698246000000,180300,182500,178500,179500,651245
005380,1698332400000,181200,182900,174600,175600,787539
005380,1698591600000,175000,176300,171400,172500,726773
005380,1698678000000,174300,175900,169300,169700,697296
005380,1698764400000,170800,171500,169400,170300,450423
005380,1698850800000,172000,175100,171500,172000,661435
005380,1698937200000,175000,175400,172700,173400,431491
005380,1699196400000,175400,177900,174900,177900,661383
005380,1699282800000,177500,177500,174200,176100,532443
005380,1699369200000,177900,179000,174500,174800,395162
005380,1699455600000,174700,175700,174200,174700,384071
005380,1699542000000,173800,175300,173500,173700,255065
005380,1699801200000,175000,175000,172800,173300,348523
005380,1699887600000,174900,175900,173900,175200,329429
005380,1699974000000,178700,182600,178600,182500,806741
005380,1700060400000,182500,186400,181800,184800,432174
005380,1700146800000,185900,185900,183500,184400,259919
005380,1700406000000,184400,184900,182100,183600,277906
005380,1700492400000,184700,184800,183500,184200,252833
005380,1700578800000,182300,183400,181200,183000,219027
005380,1700665200000,183600,185000,182400,184800,240354
005380,1700751600000,184600,185600,183900,184000,161656
005380,1701010800000,184000,185700,184000,184900,188306
005380,1701097200000,185900,185900,183600,185700,269820
005380,1701183600000,185700,186500,184700,184800,298485
005380,1701270000000,184200,184900,182100,184300,574490
005380,1701356400000,183300,183800,181700,182800,304309
005380,1701615600000,183900,184100,181600,181600,378913
005380,1701702000000,181600,182000,180700,181400,275980
005380,1701788400000,181100,183400,181100,182900,280528
005380,1701874800000,181400,183300,181400,182600,296154
005380,1701961200000,183600,185700,183400,185100,327749
005380,1702220400000,185400,185400,184000,185400,218073
005380,1702306800000,185500,186400,185000,185600,332590
005380,1702393200000,185300,186200,184400,185000,287425
005380,1702479600000,187000,187100,184200,184800,760383
005380,1702566000000,185800,192800,185200,192800,1228522
005380,1702825200000,192800,193000,190000,192000,482331
005380,1702911600000,191900,192900,190800,192200,272670
005380,1702998000000,192700,199700,192600,199100,961888
005380,1703084400000,197500,202000,197100,198700,545031
005380,1703170800000,200000,200500,198500,199000,347866
005380,1703516400000,200500,200500,197700,198800,409928
005380,1703602800000,198700,199300,197200,198500,331186
005380,1703689200000,198800,203500,198400,203500,766503
005380,1704121200000,202000,202500,199800,200500,373050
005380,1704207600000,199100,199500,193800,193800,548675
005380,1704294000000,192000,192800,189100,190000,505979
005380,1704380400000,190100,190500,187200,187300,440219
005380,1704639600000,187600,188900,185500,185700,323498
005380,1704726000000,187800,187800,185500,185600,349068
005380,1704812400000,185600,187300,185200,186700,330767
005380,1704898800000,187200,189000,187000,187000,538799
005380,1704985200000,186600,187400,185800,186000,240690
005380,1705244400000,186000,188600,185800,187500,251099
005380,1705330800000,186600,188100,185700,186200,225780
005380,1705417200000,186300,186400,181000,181800,481127
005380,1705503600000,180000,182500,179900,180200,433597
005380,1705590000000,183000,183000,180100,181700,288166
005380,1705849200000,182300,182400,179800,180100,391914
005380,1705935600000,181200,184800,180900,184800,376671
005380,1706022000000,185300,185400,182100,185000,345726
005380,1706108400000,184400,190500,183500,188700,778658
005380,1706194800000,189300,189600,186500,187300,468376
005380,1706454000000,187300,197300,186600,195600,1199045
005380,1706540400000,196000,196600,189300,190000,955999
005380,1706626800000,189300,195400,188500,194600,1053355
005380,1706713200000,193900,209000,193500,208000,2855056
005380,1706799600000,221500,228000,214000,227000,5844398
005380,1707058800000,233500,239500,226000,238000,5742710
005380,1707145200000,234000,240000,230500,235500,3293825
005380,1707231600000,239000,246500,238000,245000,2711612
005380,1707318000000,243000,250500,241500,250000,3017429
005380,1707750000000,251000,261000,247500,249000,2690468
005380,1707836400000,245000,251000,244500,245500,1702299
005380,1707922800000,250000,250500,237000,240000,2103428
005380,1708009200000,241500,253000,235500,252500,2261790
005380,1708268400000,253500,257000,248500,252500,1801441
005380,1708354800000,250000,253000,238500,242000,1944653
005380,1708441200000,242000,246000,237500,239500,1149137
005380,1708527600000,239000,245500,237500,243500,1475580
005380,1708614000000,244000,249500,242000,244000,1660625
005380,1708873200000,237500,241000,231500,239000,1751340
005380,1708959600000,239000,244500,237500,238500,1265434
005380,1709046000000,234000,250000,231500,248000,1911431
005380,1709132400000,246500,253500,243500,250500,2056620
005380,1709478000000,255500,260000,253000,255500,1854280
005380,1709564400000,251500,254500,247500,249000,1436614
005380,1709650800000,247000,254000,246000,251000,1103072
005380,1709737200000,252500,258000,247500,250000,988457
005380,1709823600000,251500,255000,249500,253000,1210240
005380,1710082800000,251000,252500,242000,243500,1178615
005380,1710169200000,244000,247000,240000,241500,1096802
005380,1710255600000,243500,250000,241000,248500,1413782
005380,1710342000000,248000,255000,246000,251500,1574794
005380,1710428400000,250000,254500,243500,243500,1175933
005380,1710687600000,244000,247500,241000,242500,723835
005380,1710774000000,241000,244000,236000,237500,944727
005380,1710860400000,240000,246000,237500,241000,1230314
005380,1710946800000,247000,254000,246000,252000,1578378
005380,1711033200000,252500,254000,241000,243500,1091572
005380,1711292400000,244000,245500,239500,239500,784822
005380,1711378800000,239000,244000,238500,240500,802094
005380,1711465200000,241000,247500,240500,244000,818180
005380,1711551600000,246000,246000,236000,237000,1050347
005380,1711638000000,238000,239000,232000,233000,852346
005380,1711897200000,234500,235000,227000,227500,898781
005380,1711983600000,225000,226500,216500,220000,1802613
005380,1712070000000,219000,223500,214500,216000,1138600
005380,1712156400000,218500,228500,216500,226000,1357330
005380,1712242800000,223500,230000,223000,225500,1121453
005380,1712502000000,227000,238000,226000,232500,1245057
005380,1712588400000,234500,236500,228000,228000,663665
005380,1712761200000,222000,241000,220000,241000,1853791
005380,1712847600000,241000,241500,237000,238000,997710
005380,1713106800000,236000,243000,233500,241500,1018783
005380,1713193200000,239000,244500,236500,242000,1201766
005380,1713279600000,242000,243000,233500,233500,1029202
005380,1713366000000,237000,239000,228500,231000,1168222
005380,1713452400000,231000,237000,229000,235000,1174278
005380,1713711600000,240000,246000,239500,245000,1314974
005380,1713798000000,250000,251500,246000,249500,1153091
005380,1713884400000,249000,253500,247500,252500,1242059
005380,1713970800000,251000,254000,246000,250000,1297404
005380,1714057200000,250000,253500,243000,249500,980459
005380,1714316400000,249000,254500,245500,251500,852780
005380,1714402800000,250000,253000,248000,251000,545747
005380,1714575600000,249000,251500,246500,249000,602350
005380,1714662000000,250000,250500,241000,241000,727057
005380,1715007600000,242500,246000,240000,242000,799659
005380,1715094000000,240500,244000,240000,242000,444082
005380,1715180400000,242000,242500,235000,237000,704379
005380,1715266800000,239000,243000,237000,241500,455541
005380,1715526000000,242500,247500,242000,245000,550255
005380,1715612400000,245500,247000,243000,246500,670650
005380,1715785200000,248000,248500,245500,247000,559548
005380,1715871600000,247000,249500,244000,244000,408947
005380,1716130800000,245500,255000,244500,250500,860566
005380,1716217200000,249000,254000,248000,253000,576613
005380,1716303600000,253000,277500,251000,277000,3336634
005380,1716390000000,273500,275000,267500,271500,1886248
005380,1716476400000,268500,274500,266000,267500,1059149
005380,1716735600000,267500,271500,262000,265500,1011436
005380,1716822000000,265000,270000,263500,265000,598743
005380,1716908400000,262500,265000,257000,261000,965532
005380,1716994800000,260500,264000,255500,257000,640526
005380,1717081200000,259500,260000,253000,253000,1014549
005380,1717340400000,257500,270000,257000,265000,1186533
005380,1717426800000,262500,265500,258000,259000,660409
005380,1717513200000,261000,267500,256500,264000,882084
005380,1717686000000,262500,266500,261500,265000,519878
005380,1717945200000,261500,271500,261000,267500,945927
005380,1718031600000,270500,273500,267500,271000,967240
005380,1718118000000,273000,273000,268000,270000,567334
005380,1718204400000,273000,281000,269000,269000,1862106
005380,1718290800000,268500,274000,267000,268000,778015
005380,1718550000000,276000,285000,275500,278500,1945849
005380,1718636400000,280500,290000,278500,283000,1667920
005380,1718722800000,286500,292500,284000,286500,1228960
005380,1718809200000,285500,288000,282500,285500,629996
005380,1718895600000,283500,285000,279000,280000,876560
005380,1719154800000,277000,283000,275500,281000,598019
005380,1719241200000,281000,292500,280000,288500,1023261
005380,1719327600000,289000,293500,286500,289500,694207
005380,1719414000000,287000,298500,286500,298000,1157313
005380,1719500400000,299500,299500,293000,295000,761453
005380,1719759600000,292000,296000,285500,286000,864443
005380,1719846000000,283000,283500,271000,272500,1558999
005380,1719932400000,275000,281500,272500,276000,1072157
005380,1720018800000,277500,281000,274500,277500,552767
005380,1720105200000,277500,282000,277000,281000,586121
005380,1720364400000,282000,289500,281000,283000,603805
005380,1720450800000,284000,285500,272500,274500,1135540
005380,1720537200000,275000,277500,272500,274500,672155
005380,1720623600000,277000,278500,274500,278500,653458
005380,1720710000000,277500,278500,268000,271500,666813
005380,1720969200000,273000,273500,267500,268500,541442
005380,1721055600000,270500,276000,270000,274500,552065
005380,1721142000000,275500,275500,268000,268500,512968
005380,1721228400000,267000,267500,256500,260500,1083373
005380,1721314800000,258500,259500,254000,258500,737904
005380,1721574000000,259000,261500,251000,255000,769457
005380,1721660400000,258000,264500,257500,263500,803042
005380,1721746800000,259500,263500,257500,258500,608412
005380,1721833200000,253000,255000,247500,251500,832753
005380,1721919600000,248500,250500,232000,243500,2662741
005380,1722178800000,244000,260000,243000,255500,1302271
005380,1722265200000,253000,258000,249500,250000,594899
005380,1722351600000,250000,253500,247500,249000,594919
005380,1722438000000,251000,258500,251000,253500,734315
005380,1722524400000,242500,248000,242000,244000,889521
005380,1722783600000,236000,239500,216500,224000,1465965
005380,1722870000000,233500,241500,228000,235000,1250180
005380,1722956400000,233000,241000,231500,236000,756779
005380,1723042800000,231500,240000,228500,236500,698685
005380,1723129200000,240500,248000,240000,243000,606967
005380,1723388400000,246000,249000,242000,243500,469844
005380,1723474800000,242000,245500,240000,243000,358474
005380,1723561200000,245500,248000,238500,241000,500276
005380,1723734000000,248000,256500,246500,255000,1113073
005380,1723993200000,256000,259500,250000,255000,739313
005380,1724079600000,258000,261000,255000,256000,660818
005380,1724166000000,257500,257500,251000,252500,359513
005380,1724252400000,253500,254000,245500,248000,497250
005380,1724338800000,245500,254000,245000,252500,449189
005380,1724598000000,255500,258000,247500,249500,469538
005380,1724684400000,248500,251000,244500,247500,555018
005380,1724770800000,249500,261000,246000,259000,1170970
005380,1724857200000,261500,267000,256000,258500,1646679
005380,1724943600000,261000,265500,255500,255500,1206940
005380,1725202800000,256000,256000,245000,246000,1006660
005380,1725289200000,244000,244500,236000,237500,1024521
005380,1725375600000,231000,236500,229500,232500,942257
005380,1725462000000,236000,237500,227000,229000,884047
005380,1725548400000,228000,230500,223000,227500,710077
005380,1725807600000,225500,231500,225000,229500,638085
005380,1725894000000,229500,231000,227000,231000,364974
005380,1725980400000,229500,230500,221500,223500,781938
005380,1726066800000,226000,232000,225500,232000,660069
005380,1726153200000,237500,240500,234500,237000,524969
005380,1726671600000,244000,246500,241500,246000,848380
005380,1726758000000,250000,251000,247500,250500,809348
005380,1727017200000,251500,251500,246500,249000,484728
005380,1727103600000,249000,253000,248000,253000,429463
005380,1727190000000,255500,257000,250500,251500,575575
005380,1727276400000,250000,259000,247500,259000,766978
005380,1727362800000,257500,259000,253500,254500,493853
005380,1727622000000,255500,256000,244000,244000,1032595
005380,1727794800000,237500,241000,236500,237000,1035510
005380,1727967600000,235500,241500,232000,239500,856583
005380,1728226800000,244000,247000,241000,247000,731171
005380,1728313200000,244500,247000,244000,246000,413552
005380,1728486000000,253000,255500,246000,246000,641891
005380,1728572400000,248000,249500,246500,248500,282919
005380,1728831600000,250500,254000,248000,248500,307668
005380,1728918000000,249500,249500,246000,246000,382087
005380,1729004400000,246000,247000,242000,247000,799813
005380,1729090800000,245000,246000,235500,235500,923060
005380,1729177200000,237000,239000,233000,234500,696368
005380,1729436400000,235000,240000,234500,237000,443742
005380,1729522800000,236000,239000,232500,234500,517834
005380,1729609200000,236500,243000,234000,241000,671384
005380,1729695600000,241000,241000,228000,228500,1209781
005380,1729782000000,226500,231000,220500,225500,1116832
005380,1730041200000,226000,229000,224000,226500,639039
005380,1730127600000,226000,226500,221000,224000,746178
005380,1730214000000,223000,225000,220500,220500,554300
005380,1730300400000,220500,221500,215000,215000,1075398
005380,1730386800000,212500,216500,211500,213500,765177
005380,1730646000000,215000,220500,214000,216500,748180
005380,1730732400000,214000,215500,211500,215000,615978
005380,1730818800000,214000,214500,205500,206500,1880618
005380,1730905200000,203500,210500,201000,207500,1108161
005380,1730991600000,209500,210500,202500,203500,716859
005380,1731250800000,203500,212500,203500,211000,856539
005380,1731337200000,213000,213500,206500,207000,911213
005380,1731423600000,206000,206000,199900,199900,778547
005380,1731510000000,200500,203500,197300,201500,817142
005380,1731596400000,200000,208500,199900,206000,709396
005380,1731855600000,206000,218000,206000,217000,1115993
005380,1731942000000,217000,219000,213000,215500,540792
005380,1732028400000,213000,220500,212500,218500,572617
005380,1732114800000,218500,219500,215500,215500,499737
005380,1732201200000,216000,218500,214500,217000,419056
005380,1732460400000,219000,221500,216500,219000,726301
005380,1732546800000,218000,224500,216500,223500,721544
005380,1732633200000,220000,226500,218500,221000,1094533
005380,1732719600000,224000,225000,218000,219000,593477
005380,1732806000000,219000,220000,214500,218500,576357
005380,1733065200000,219500,220500,215000,216000,520654
005380,1733151600000,218000,218000,213500,214500,624929
005380,1733238000000,208500,213000,207000,209000,919137
005380,1733324400000,209000,210500,204000,204500,604002
005380,1733410800000,203500,206000,200000,203500,778285
005380,1733670000000,201000,203000,200000,201000,774548
005380,1733756400000,205500,211500,204000,210500,619392
005380,1733842800000,208000,211000,207500,209000,335301
005380,1733929200000,210500,213000,209500,211500,625351
005380,1734015600000,212000,216000,209000,215000,528172
005380,1734274800000,215500,216000,210500,211000,469448
005380,1734361200000,210000,212500,205500,206500,715553
005380,1734447600000,207500,217000,207500,216500,712305
005380,1734534000000,213000,214000,210500,212000,631880
005380,1734620400000,210500,211500,206000,210500,704962
005380,1734879600000,212500,216500,212000,215000,468339
005380,1734966000000,215000,217000,213000,216500,351647
005380,1735138800000,217500,219500,215000,217500,460871
005380,1735225200000,217000,217500,213500,215000,391681
005380,1735484400000,213500,217000,212000,212000,387750
005380,1735743600000,212000,216000,210500,211500,437773
005380,1735830000000,211500,215000,211000,213000,456107
005380,1736089200000,213000,213500,207000,211500,782307
005380,1736175600000,211500,214000,210500,211000,511955
005380,1736262000000,209500,215500,209000,213500,603411
005380,1736348400000,215000,219500,213000,213000,866529
005380,1736434800000,215000,227000,215000,226000,1951806
005380,1736694000000,225500,226000,218500,220000,867629
005380,1736780400000,221000,224500,219500,222000,547856
005380,1736866800000,222000,224000,220500,220500,492913
005380,1736953200000,223000,224000,218000,219000,435312
005380,1737039600000,217500,218000,211000,211500,813817
005380,1737298800000,211000,212000,207500,208500,571176
005380,1737385200000,210500,213000,206500,206500,833996
005380,1737471600000,207500,210000,206500,208500,832710
005380,1737558000000,208000,213500,205500,209000,1032782
005380,1737644400000,208000,208500,203000,205000,1077548
005380,1738249200000,204500,207500,200000,206000,986621
005380,1738508400000,201000,203500,200000,202000,911137
005380,1738594800000,205000,208500,201000,201000,841947
005380,1738681200000,201500,206500,201000,204500,710413
005380,1738767600000,206000,207000,203000,203500,605308
005380,1738854000000,203500,204500,200000,200500,834221
005380,1739113200000,199500,201000,197700,199400,992303
005380,1739199600000,199500,202500,198500,199400,842452
005380,1739286000000,199000,200500,198100,198100,567219
005380,1739372400000,202500,210000,202000,208500,1493929
005380,1739458800000,208000,210000,205500,206000,823619
005380,1739718000000,201000,202500,199500,199800,894545
005380,1739804400000,200000,201500,198900,200500,560363
005380,1739890800000,198900,204500,198800,204000,854114
005380,1739977200000,202500,204000,201500,203000,354026
005380,1740063600000,209000,211000,204000,206000,713842
005380,1740322800000,204000,207000,203500,207000,497135
005380,1740409200000,205000,205000,202000,202500,651155
005380,1740495600000,203500,207000,203000,205000,750341
005380,1740582000000,200500,201000,199300,200500,890406
005380,1740668400000,198600,198800,193000,193000,1187503
005380,1741014000000,190000,195100,189200,190300,592292
005380,1741100400000,191800,197000,191800,194700,798748
005380,1741186800000,199200,201000,196500,197600,659716
005380,1741273200000,194800,197200,194100,196600,574321
005380,1741532400000,196600,198600,195200,197400,318730
005380,1741618800000,194500,196000,192700,195600,456616
005380,1741705200000,195800,198200,195000,198200,351293
005380,1741791600000,199300,201000,196200,201000,578677
005380,1741878000000,199800,200500,197500,198500,473953
005380,1742137200000,198400,199000,195300,199000,369290
005380,1742223600000,199500,202000,199300,200500,505699
005380,1742310000000,201000,204000,199000,204000,520541
005380,1742396400000,204500,205000,201500,202500,635938
005380,1742482800000,201500,205000,201000,205000,552626
005380,1742742000000,204500,216000,203500,213000,1212302
005380,1742828400000,228500,229000,218500,220000,2097056
005380,1742914800000,224000,227500,220500,222000,1220193
005380,1743001200000,215000,216500,212000,212500,1027562
005380,1743087600000,208000,209500,202500,205000,1003500
005380,1743346800000,199900,201000,196800,197200,936571
005380,1743433200000,199000,200500,196100,198600,641043
005380,1743519600000,198800,199100,195800,196300,615215
005380,1743606000000,191000,194500,189100,193800,954824
005380,1743692400000,191300,196500,189600,191800,810211
005380,1743951600000,184700,185300,178900,179100,1244441
005380,1744038000000,181400,183800,177500,179200,1082825
005380,1744124400000,177500,180900,177300,178000,689621
005380,1744210800000,191700,192900,186500,187000,1426032
005380,1744297200000,181800,183000,175800,177500,1647599
005380,1744556400000,178400,180300,177500,179300,536959
005380,1744642800000,185400,189200,183700,187000,1052017
005380,1744729200000,185200,186400,181300,181700,593391
005380,1744815600000,182600,184600,181500,181700,522233
005380,1744902000000,182800,188300,181200,187200,664774
005380,1745161200000,187500,188800,185500,187300,352360
005380,1745247600000,186100,187700,185200,185600,392723
005380,1745334000000,188900,190400,187400,190000,607448
005380,1745420400000,191100,191200,186500,188900,642753
005380,1745506800000,191000,191000,188600,188800,528739
005380,1745766000000,188100,190100,187000,189000,450993
005380,1745852400000,192700,194000,189700,192800,594224
005380,1745938800000,192700,193300,190200,190600,429791
005380,1746111600000,190200,190500,188200,189400,464020
005380,1746543600000,191400,191400,186500,187600,666181
005380,1746630000000,187600,188900,187100,187100,543972
005380,1746716400000,191200,193400,189500,189900,514047
005380,1746975600000,191900,195800,191400,195800,569602
005380,1747062000000,197400,198000,195100,196700,462830
005380,1747148400000,197200,198300,194300,197100,557318
005380,1747234800000,195200,196900,192200,192900,469355
005380,1747321200000,193300,194700,193000,193800,311743
005380,1747580400000,193000,193000,190000,191000,378893
005380,1747666800000,192800,194100,189500,189500,422756
005380,1747753200000,189500,190350,187400,188000,558502
005380,1747839600000,187000,187000,181900,182400,982354
005380,1747926000000,182400,182500,179300,179900,829741
005380,1748185200000,180100,183000,179700,181900,623947
005380,1748271600000,180700,181900,180300,181900,502985
005380,1748358000000,182400,186300,182400,185900,611926
005380,1748444400000,189600,193000,186300,191000,1093538
005380,1748530800000,187400,187500,185300,185300,781444
005380,1748790000000,184600,185500,183100,184000,538182
005380,1748962800000,185100,186500,184100,186000,577325
005380,1749049200000,186000,193000,186000,189600,797915
005380,1749394800000,192900,198400,192300,197800,1665140
005380,1749481200000,201000,201500,195800,197000,998951
005380,1749567600000,199100,201500,199000,201000,649618
005380,1749654000000,201500,204500,200500,201500,885521
005380,1749740400000,199400,199800,196800,199000,933606
005380,1749999600000,198300,202000,196200,201500,500547
005380,1750086000000,202500,208000,200500,205000,950447
005380,1750172400000,202500,207000,200500,206000,575644
005380,1750258800000,209500,211500,205500,207000,538891
005380,1750345200000,208000,210500,205500,210000,662635
005380,1750604400000,205500,206000,200500,201500,935001
005380,1750690800000,206500,208000,203000,206000,718116
005380,1750777200000,206500,221500,206000,217000,1789517
005380,1750863600000,214500,215000,208000,209500,814616
005380,1750950000000,211000,211000,203000,205000,764378
005380,1751209200000,204500,207000,203500,203500,492507
005380,1751295600000,204000,214500,203500,210000,1059697
005380,1751382000000,215000,218000,210000,213500,1058819
005380,1751468400000,215000,217000,211500,214500,562758
005380,1751554800000,214500,216500,210000,210500,415693
005380,1751814000000,210000,210500,207000,208500,398058
005380,1751900400000,207000,211500,205500,211000,499225
005380,1751986800000,208500,209500,205500,209500,524731
005380,1752073200000,210000,211500,205500,208000,719453
005380,1752159600000,209000,211500,207500,208000,592335
005380,1752418800000,208500,218000,208000,217000,1241993
005380,1752505200000,217000,217500,209500,211000,1111748
005380,1752591600000,211000,211000,207500,207500,492782
005380,1752678000000,208500,212000,205500,210000,611349
005380,1752764400000,210000,212500,208500,210500,317353
005380,1753023600000,209500,210500,208000,209000,460835
005380,1753110000000,209000,209500,204500,206500,441603
005380,1753196400000,213000,223000,213000,222000,2832242
005380,1753282800000,221000,225500,214500,217500,1417925
005380,1753369200000,215000,221000,214000,216500,665815
005380,1753628400000,221500,222500,216000,218500,692799
005380,1753714800000,217500,218500,214000,218000,646415
005380,1753801200000,215500,228000,215500,223000,1239327
005380,1753887600000,233000,233000,212000,213000,2956498
005380,1753974000000,211000,215500,210000,210000,1083280
005380,1754233200000,210000,212500,207000,211000,651682
005380,1754319600000,213000,215000,209500,210500,480510
005380,1754406000000,209000,211500,208500,210500,385330
005380,1754492400000,213500,215000,211000,212500,421547
005380,1754578800000,212500,214000,211500,212500,440664
005380,1754838000000,213000,213500,211500,212500,298656
005380,1754924400000,212000,216000,211500,213000,347183
005380,1755010800000,215500,216000,214000,216000,377571
005380,1755097200000,216000,219000,216000,217500,546695
005380,1755442800000,217500,218000,215000,216500,405813
005380,1755529200000,216500,219000,215000,219000,442222
005380,1755615600000,218500,222000,217500,220500,784564
005380,1755702000000,221000,224500,220500,221500,601284
005380,1755788400000,222000,223500,219500,220000,401067
005380,1756047600000,221500,222000,217500,222000,419600
005380,1756134000000,220500,222000,217500,218500,806670
005380,1756220400000,219000,221000,218500,220000,337163
005380,1756306800000,218500,225000,218000,222000,734689
005380,1756393200000,223000,224500,218500,220000,606655
005380,1756652400000,220500,223000,219000,220500,504672
005380,1756738800000,221000,221000,217000,220000,365383
005380,1756825200000,218500,223500,218500,221500,459718
005380,1756911600000,221000,221500,219500,221500,249504
005380,1756998000000,222000,222500,219500,220000,245652
005380,1757257200000,218000,218500,215500,218500,382254
005380,1757343600000,219500,220500,218500,219000,407652
005380,1757430000000,219500,222000,219000,220500,427432
005380,1757516400000,221500,223000,219000,223000,569436
005380,1757602800000,222500,224000,220500,223500,666184
005380,1757862000000,221500,221500,215000,215000,1712249
005380,1757948400000,216000,216500,215000,215000,492855
005380,1758034800000,216000,216500,215000,216000,412548
005380,1758121200000,216500,218500,215000,218500,652885
005380,1758207600000,218000,218500,212000,214000,1301527
005380,1758466800000,215000,219000,214500,218000,499195
005380,1758553200000,217500,220000,217500,219000,473760
005380,1758639600000,218000,219500,216500,217500,383310
005380,1758726000000,217000,217500,215500,217000,509882
005380,1758812400000,215000,215500,213000,214500,448652
005380,1759071600000,215500,216500,214000,215000,339105
005380,1759158000000,214000,216000,214000,215000,339691
005380,1759244400000,215500,217000,215000,215500,297048
005380,1759330800000,216500,223000,216500,220000,1099674
005380,1760022000000,219000,220250,216500,217000,779161
005380,1760281200000,214500,219500,214000,218500,544349
005380,1760367600000,218500,225000,218000,223000,885802
005380,1760454000000,223000,224000,220000,223500,670710
005380,1760540400000,237000,245000,234000,242000,2115204
005380,1760626800000,241000,246000,239500,243000,994190
005380,1760886000000,251500,252000,241500,248000,1155423
005380,1760972400000,252000,267000,251500,256500,2002410
005380,1761058800000,265000,265000,254500,261000,1060973
005380,1761145200000,256500,258500,251000,252000,909720
005380,1761231600000,253500,254000,248000,252500,775983
005380,1761490800000,253500,259500,253000,254500,763121
005380,1761577200000,253500,253500,249000,250500,677447
005380,1761663600000,254500,259500,251000,258000,937830
005380,1761750000000,287500,289500,263000,265000,2958411
005380,1761836400000,273500,294000,270500,290000,3631736
005380,1762095600000,297500,298000,288000,291500,1498016
005380,1762182000000,286500,288500,276000,276000,1416294
005380,1762268400000,270000,271500,259000,268500,1420277
005380,1762354800000,274500,275000,264500,269000,686561
005380,1762441200000,261000,267000,259500,264000,666772
005380,1762700400000,266500,274000,265000,270500,692464
005380,1762786800000,272500,274000,267500,269000,494203
005380,1762873200000,271500,278500,269500,275500,807526
005380,1762959600000,273000,279000,272500,278500,681153
005380,1763046000000,272500,278000,272000,272500,579023
005380,1763305200000,275500,275500,271500,271500,384305
005380,1763391600000,269000,271500,263500,264500,475705
005380,1763478000000,272000,272000,261500,264000,413452
005380,1763564400000,267000,267500,262000,262000,501196
005380,1763650800000,255000,261000,254500,259500,538414
005380,1763910000000,262000,262000,257500,257500,610389
005380,1763996400000,261000,262000,256500,257500,390393
005380,1764082800000,260500,262000,259500,261500,402781
005380,1764169200000,261500,262500,259500,261500,289061
005380,1764255600000,261500,265500,259000,261500,511004
005380,1764514800000,261000,261500,253500,254500,555473
005380,1764601200000,257500,267500,257000,266000,1084944
005380,1764687600000,266500,267500,263000,266500,483994
005380,1764774000000,273000,284500,270000,283500,1994134
005380,1764860400000,282000,316500,280000,315000,3892799
005380,1765119600000,321000,321000,308500,315500,1913789
005380,1765206000000,308000,312000,301500,307000,1229611
005380,1765292400000,304500,306000,297500,302500,1173271
005380,1765378800000,304000,306500,295500,295500,1465528
005380,1765465200000,299000,303000,295500,301500,827283
005380,1765724400000,296500,297500,293500,293500,798990
005380,1765810800000,296500,301500,284500,286000,1264096
005380,1765897200000,288000,288500,284000,286000,686802
005380,1765983600000,280500,285000,280000,282500,705877
005380,1766070000000,285500,288500,278500,288500,1210816
005380,1766329200000,290500,290500,285000,289000,676748
005380,1766415600000,290500,292500,285500,287000,699584
005380,1766502000000,289000,300000,287000,289000,1295368
005380,1766674800000,292000,292000,285000,286000,847245
005380,1766934000000,284500,294000,282500,293500,697450
005380,1767020400000,291000,297500,289500,296500,628188
005380,1767279600000,299500,302000,293000,298500,955205
005380,1767538800000,302500,310000,302000,304500,1292161
005380,1767625200000,318000,330000,304000,308000,3346949
005380,1767711600000,314000,362000,313000,350500,7764177
005380,1767798000000,361000,361000,338000,340500,3053301
005380,1767884400000,349000,369000,340000,366000,3104258
005380,1768143600000,383000,383500,358500,367000,3027809
005380,1768230000000,380500,413500,378000,406000,5463622
005380,1768316400000,406500,413500,398000,411500,2861932
005380,1768402800000,409500,425000,405000,422000,2864894
005380,1768489200000,426500,426500,408000,413000,2589883
005380,1768748400000,420000,487000,419500,480000,5990850
005380,1768834800000,494000,496500,460500,479000,5235613
005380,1768921200000,468000,551000,467500,549000,7830202
005380,1769007600000,586000,590000,525000,529000,7176207
005380,1769094000000,530000,543000,500000,510000,4774169
005380,1769353200000,499000,515000,490000,492500,3680159
005380,1769439600000,473000,499000,469000,488500,4492400
005380,1769526000000,505000,506000,490500,492500,2514604
005380,1769612400000,501000,529000,494000,528000,5431226
005380,1769698800000,516000,517000,500000,500000,3032673
005380,1769958000000,486000,507000,473000,478000,2652237
005380,1770044400000,487000,495000,473000,491500,2275995
005380,1770130800000,502000,518000,497500,504000,1706630
005380,1770217200000,492500,508000,483500,488500,1653286
005380,1770303600000,469500,473000,452000,467500,2023516
005380,1770562800000,484000,485000,473000,478000,1518143
005380,1770649200000,499000,505000,479000,480500,1738747
005380,1770735600000,480500,515000,477000,509000,3270111
005380,1770822000000,512000,512000,498000,506000,1733637
005380,1770908400000,499500,509500,497500,499000,1147006
005380,1771426800000,504000,523000,495500,513000,1907584
005380,1771513200000,516000,516000,504000,509000,1251835
005380,1771772400000,524000,541000,517000,523000,2094265
005380,1771858800000,522000,530000,505000,524000,1490869
005380,1771945200000,535000,584000,532000,572000,4149696
005380,1772031600000,574000,618000,563000,609000,2894222
005380,1772118000000,592000,687000,590000,674000,4354409
005380,1772463600000,654000,658000,594000,595000,3763225
005380,1772550000000,560000,593000,497500,501000,4855346
005380,1772636400000,565000,582000,540000,548000,2663493
005380,1772722800000,532000,564000,530000,553000,1582300
005380,1772982000000,504000,511000,491000,507000,1913094
005380,1773068400000,538000,541000,519000,525000,1270933
005380,1773154800000,550000,561000,523000,530000,1415825
005380,1773241200000,524000,528000,513000,521000,1146292
005380,1773327600000,502000,529500,501000,517000,950437
005380,1773586800000,511000,520000,499000,506000,1348089
005380,1773673200000,528000,544000,520000,522000,1346937
005380,1773759600000,536000,545000,530000,545000,930616
005380,1773846000000,521000,530000,521000,522000,770000
005380,1773932400000,527000,528000,517000,517000,1049264
005380,1774191600000,500000,501000,485000,485000,1603262
005380,1774278000000,508000,509000,484000,492000,1082455
005380,1774364400000,509000,518000,498500,501000,1102731
005380,1774450800000,496000,499500,486000,490000,954455
005380,1774537200000,472500,498500,467000,495000,1151726
005380,1774796400000,468500,472500,461000,469500,942256
005380,1774882800000,459500,464000,445000,445500,1271113
005380,1774969200000,472000,492500,466000,488000,974266
005380,1775055600000,499000,499500,457000,465500,1331860
005380,1775142000000,475500,485000,467000,471000,659219
005380,1775401200000,469500,477500,465000,469000,553057
005380,1775487600000,477000,481500,465500,473000,704114
005380,1775574000000,500000,510000,490000,508000,1291522
005380,1775660400000,510000,514000,487000,489500,990889
005380,1775746800000,498000,499500,489500,489500,814112
005380,1776006000000,476500,486500,474500,478500,637565
005380,1776092400000,492500,501500,489000,491500,778907
005380,1776178800000,510000,519000,502000,508000,867909
005380,1776265200000,530000,544000,527000,534000,1524311
005380,1776351600000,547000,548000,531000,538000,724452
005380,1776610800000,533000,541000,526000,527000,835506
005380,1776697200000,534000,548000,530000,546000,946609
005380,1776783600000,540000,542000,531000,541000,747125
005380,1776870000000,547000,551000,525000,532000,1089561
005380,1776956400000,525000,526000,510000,513000,1228355
005380,1777215600000,520000,533000,515000,524000,930365
005380,1777302000000,533000,574000,525000,555000,2585417
005380,1777388400000,565000,565000,546000,556000,971755
005380,1777474800000,556000,560000,531000,531000,1150241
005380,1777820400000,545000,547000,532000,539000,854165
005380,1777993200000,545000,564000,541000,550000,1690524
005380,1778079600000,579000,596000,558000,572000,2082177
005380,1778166000000,590000,647000,581000,613000,5020568
005380,1778425200000,631000,654000,610000,646000,2569392
005380,1778511600000,673000,702500,606000,646000,4856178
005380,1778598000000,642000,710000,642000,710000,4051665
005380,1778684400000,724000,730000,692000,712000,2399620
005380,1778770800000,725000,774500,678000,700000,4332789
005380,1779030000000,688000,697000,638000,663000,2218142
005380,1779116400000,661000,661000,596000,604000,2679164
005380,1779202800000,601000,605000,570000,592000,1954219
005380,1779289200000,614000,672000,607000,666000,1932919
005380,1779375600000,666000,667000,642000,655000,997831
005380,1779721200000,679000,694000,667000,689000,1364781
005380,1779807600000,691000,693000,666000,681000,1879670
005380,1779894000000,709000,714000,651000,677000,2192520
005380,1779980400000,704000,739000,701000,723000,3095790
005380,1780239600000,736000,783000,727000,750000,2720257
005380,1780326000000,770000,772000,697000,729000,2316547
005380,1780498800000,708000,727000,692000,700000,1062671
005380,1780585200000,691000,715000,650000,700000,1525982
005380,1780844400000,621000,664000,620000,639000,1331906
005380,1780930800000,660000,667000,620000,639000,1610713
005380,1781017200000,637000,653000,583000,602000,1682688
005380,1781103600000,570000,598000,561000,597000,1412678
005380,1781190000000,635000,644000,604000,607000,1501032
005380,1781449200000,638000,659000,633000,647000,1099804
005380,1781535600000,648000,654000,627000,640000,1286352
005380,1781622000000,633000,633000,613000,618000,891522
005380,1781708400000,619000,620000,600000,601000,928129
005380,1781794800000,606000,631000,590000,613000,1831967
005380,1782054000000,599000,600000,587000,589000,117092
051910,1696345200000,497000,504000,485000,486000,544310
051910,1696431600000,490000,515000,488500,502000,286883
051910,1696518000000,497500,503000,495000,499500,169375
051910,1696863600000,500000,514000,493000,497500,271381
051910,1696950000000,513000,524000,506000,518000,356936
051910,1697036400000,523000,541000,523000,529000,320061
051910,1697122800000,529000,537000,525000,528000,149218
051910,1697382000000,523000,524000,506000,513000,257701
051910,1697468400000,517000,530000,515000,516000,193389
051910,1697554800000,511000,514000,501000,506000,177343
051910,1697641200000,491000,498500,488500,494000,462488
051910,1697727600000,485000,487000,475000,479000,349050
051910,1697986800000,475000,489000,469000,481000,292347
051910,1698073200000,481000,494000,463000,492000,340115
051910,1698159600000,489000,489000,456500,458000,405933
051910,1698246000000,437000,442000,424500,426000,685812
051910,1698332400000,426000,448000,426000,438500,601730
051910,1698591600000,429500,456000,427500,445000,363083
051910,1698678000000,448500,449000,430500,440000,433840
051910,1698764400000,440500,444000,429500,431000,352808
051910,1698850800000,440000,458000,438000,455500,285900
051910,1698937200000,466000,474500,463500,471000,296159
051910,1699196400000,499000,529000,487500,521000,713254
051910,1699282800000,509000,512000,483500,492000,539187
051910,1699369200000,496500,505000,474500,478000,276747
051910,1699455600000,477000,482000,463500,467500,378393
051910,1699542000000,460500,461000,450500,457500,192219
051910,1699801200000,460000,466500,452000,453500,180132
051910,1699887600000,464000,473000,460000,465000,196531
051910,1699974000000,483500,486000,474500,480000,261064
051910,1700060400000,477000,483500,473500,480000,141192
051910,1700146800000,478000,489500,476500,484000,195198
051910,1700406000000,481000,503000,481000,493500,236740
051910,1700492400000,502000,505000,493500,501000,173343
051910,1700578800000,496000,508000,495000,504000,137990
051910,1700665200000,505000,527000,505000,519000,339574
051910,1700751600000,527000,537000,513000,514000,269104
051910,1701010800000,519000,520000,504000,506000,159379
051910,1701097200000,509000,517000,502000,504000,195567
051910,1701183600000,507000,511000,495500,504000,326444
051910,1701270000000,499000,506000,498000,501000,287538
051910,1701356400000,499500,501000,485500,486500,299762
051910,1701615600000,485000,491000,471000,473000,338110
051910,1701702000000,469000,476500,465500,471000,218525
051910,1701788400000,471500,477500,467000,471000,206370
051910,1701874800000,471000,477000,466000,468500,173904
051910,1701961200000,475000,483000,473000,478500,153815
051910,1702220400000,477500,480000,471000,475500,194422
051910,1702306800000,476500,481500,470000,472000,188152
051910,1702393200000,467500,469000,458500,460000,207659
051910,1702479600000,469000,471000,459500,464000,375683
051910,1702566000000,469500,496500,469000,493000,615510
051910,1702825200000,495000,498500,489000,498000,289001
051910,1702911600000,497000,502000,489000,502000,204428
051910,1702998000000,502000,507000,501000,504000,197344
051910,1703084400000,501000,504000,493500,495000,206883
051910,1703170800000,498000,499000,490000,490000,140767
051910,1703516400000,494500,499500,485500,490500,160900
051910,1703602800000,490500,493000,483000,486000,202496
051910,1703689200000,488000,499000,483500,499000,199695
051910,1704121200000,494000,496000,488000,493500,160698
051910,1704207600000,490500,490500,480500,480500,168770
051910,1704294000000,476000,486000,475000,481000,147635
051910,1704380400000,482000,491500,479000,482500,131560
051910,1704639600000,490500,490500,478000,479000,122976
051910,1704726000000,486000,486500,471500,471500,146249
051910,1704812400000,472000,473500,463000,464500,146052
051910,1704898800000,458500,466000,458500,459500,243938
051910,1704985200000,461000,462000,445000,449000,357185
051910,1705244400000,445000,447500,435000,438500,264758
051910,1705330800000,433500,438000,430500,432000,241396
051910,1705417200000,427500,431000,408000,408500,627074
051910,1705503600000,403500,416000,403000,412000,308307
051910,1705590000000,415500,417000,400500,404500,287727
051910,1705849200000,404000,408000,384500,387000,474355
051910,1705935600000,383500,393500,383500,391000,285986
051910,1706022000000,390000,409500,389000,400500,288449
051910,1706108400000,398500,407500,393000,404500,197843
051910,1706194800000,402500,424000,401500,416500,312594
051910,1706454000000,421500,430500,419500,425000,245972
051910,1706540400000,425500,445000,425500,426500,287657
051910,1706626800000,425500,441500,423500,434500,245248
051910,1706713200000,426500,433000,417000,430000,312842
051910,1706799600000,451000,468500,433000,461000,679677
051910,1707058800000,465500,477500,456500,467000,487996
051910,1707145200000,454000,470000,453000,462500,311282
051910,1707231600000,464500,474500,456000,463500,363161
051910,1707318000000,489000,489000,470500,470500,768536
051910,1707750000000,473000,475000,469500,471000,379733
051910,1707836400000,460500,463500,449000,461000,323305
051910,1707922800000,468000,488500,468000,483500,423918
051910,1708009200000,489000,515000,488000,504000,587439
051910,1708268400000,508000,520000,504000,508000,358152
051910,1708354800000,507000,513000,491500,506000,295676
051910,1708441200000,503000,504000,491000,500000,293801
051910,1708527600000,495000,502000,481000,481000,451942
051910,1708614000000,478500,482000,467000,472000,512499
051910,1708873200000,470500,475000,459000,472500,376704
051910,1708959600000,488500,494000,465000,466000,359912
051910,1709046000000,469000,472500,463500,464500,186537
051910,1709132400000,459500,465000,453000,453000,448418
051910,1709478000000,452500,471500,452500,462000,290424
051910,1709564400000,454500,457000,445000,452500,242147
051910,1709650800000,448000,456500,441000,441500,290385
051910,1709737200000,443000,446000,434000,443000,311412
051910,1709823600000,448000,456500,440500,443000,288423
051910,1710082800000,440000,441000,435000,436000,181317
051910,1710169200000,441000,454500,441000,450500,364050
051910,1710255600000,452000,471000,449000,450000,382300
051910,1710342000000,450000,454000,438500,440000,410324
051910,1710428400000,437000,438000,430000,431000,310713
051910,1710687600000,434000,443000,431500,440000,237874
051910,1710774000000,440500,440500,431000,436500,229435
051910,1710860400000,440500,444000,435500,438500,165255
051910,1710946800000,442000,446000,438000,439000,214431
051910,1711033200000,439000,453500,436000,449500,263558
051910,1711292400000,450500,465500,450500,460500,275423
051910,1711378800000,458500,466000,449000,449000,303727
051910,1711465200000,445500,453000,441000,444000,236697
051910,1711551600000,443000,447000,437000,440000,210043
051910,1711638000000,440500,442500,436000,439000,158560
051910,1711897200000,440000,442000,429000,430500,239956
051910,1711983600000,426500,429500,420500,424000,250523
051910,1712070000000,416000,418500,400500,403000,479871
051910,1712156400000,406500,408500,399000,402500,274989
051910,1712242800000,397000,404500,395000,400000,340599
051910,1712502000000,395500,399000,384000,394000,464147
051910,1712588400000,397000,398500,391000,395000,255430
051910,1712761200000,387000,394500,386500,387000,490848
051910,1712847600000,391500,402500,387000,393000,260610
051910,1713106800000,389500,400500,387000,394500,242936
051910,1713193200000,388000,390000,380000,382000,304367
051910,1713279600000,385000,391000,375500,375500,301786
051910,1713366000000,377500,382500,376500,378500,264859
051910,1713452400000,374500,374500,366000,370500,348850
051910,1713711600000,376000,381000,372500,378000,301294
051910,1713798000000,374000,376500,368500,372000,244370
051910,1713884400000,382500,389500,379000,381500,293307
051910,1713970800000,377000,380000,371500,373000,258272
051910,1714057200000,373500,376000,368500,373500,224588
051910,1714316400000,377500,400500,377000,395500,607744
051910,1714402800000,397500,412000,390500,402500,525542
051910,1714575600000,406000,412000,397500,405000,276804
051910,1714662000000,406000,408000,399500,403500,146460
051910,1715007600000,406000,407500,396000,402000,252320
051910,1715094000000,401500,403500,397000,402000,150249
051910,1715180400000,401500,403500,396500,396500,231065
051910,1715266800000,401000,404500,395500,397000,116254
051910,1715526000000,396000,396000,386500,391000,277871
051910,1715612400000,393000,407000,392500,402500,293777
051910,1715785200000,408500,411000,403000,404000,293066
051910,1715871600000,400000,404000,397000,398000,204095
051910,1716130800000,398000,399500,390500,391500,321170
051910,1716217200000,387000,388000,379000,384500,284865
051910,1716303600000,388000,388000,382000,383000,153439
051910,1716390000000,381000,406500,380000,394000,343337
051910,1716476400000,386500,403500,383500,394000,317431
051910,1716735600000,395000,399500,385000,396500,289057
051910,1716822000000,396500,399500,388500,391000,211698
051910,1716908400000,386000,386500,367000,370500,581535
051910,1716994800000,365000,368000,350000,350500,634361
051910,1717081200000,353000,361500,351500,351500,502915
051910,1717340400000,355000,365500,354000,357500,275342
051910,1717426800000,352500,366500,351500,361000,184831
051910,1717513200000,362000,381000,361000,374500,395879
051910,1717686000000,384500,388000,377000,382000,247532
051910,1717945200000,377500,377500,370000,370500,270879
051910,1718031600000,371000,379500,366000,375000,298873
051910,1718118000000,371500,376000,368000,371500,234425
051910,1718204400000,377500,377500,367000,367000,393893
051910,1718290800000,365000,367000,356000,361000,448269
051910,1718550000000,357000,358000,353000,355000,322322
051910,1718636400000,358000,359000,351000,351500,208142
051910,1718722800000,353000,362000,350500,359500,306960
051910,1718809200000,359500,366000,358000,361500,269674
051910,1718895600000,361000,364500,355500,355500,250301
051910,1719154800000,355000,359000,353000,356000,163598
051910,1719241200000,359500,360000,351000,351000,201226
051910,1719327600000,350500,354500,348000,352000,180895
051910,1719414000000,350000,353500,342500,344000,241552
051910,1719500400000,344000,347000,336500,345500,221160
051910,1719759600000,345500,357500,341000,355500,245435
051910,1719846000000,354000,358500,351500,353000,196964
051910,1719932400000,358000,369500,357000,360000,352143
051910,1720018800000,364500,366000,357500,362000,178230
051910,1720105200000,364500,365000,358000,361000,156023
051910,1720364400000,361000,367500,358000,360500,167941
051910,1720450800000,362500,364500,359500,362500,200811
051910,1720537200000,361000,361500,354000,356000,225609
051910,1720623600000,358000,371000,354500,366500,479591
051910,1720710000000,362500,371000,362000,367500,211244
051910,1720969200000,368000,368500,357000,359000,272945
051910,1721055600000,358000,359000,341000,341500,471069
051910,1721142000000,341500,344000,334000,335500,382543
051910,1721228400000,335000,339500,332000,333500,201812
051910,1721314800000,332500,333500,326000,333500,303750
051910,1721574000000,332500,333000,319000,320000,276341
051910,1721660400000,323000,324500,311500,312500,365796
051910,1721746800000,309000,318500,309000,310000,310446
051910,1721833200000,305500,318000,299500,313000,358228
051910,1721919600000,312500,312500,302000,307000,269526
051910,1722178800000,307500,310000,301000,308000,177920
051910,1722265200000,304500,312000,303000,305000,213468
051910,1722351600000,306000,310000,303000,305500,166216
051910,1722438000000,305500,318500,305500,314000,234675
051910,1722524400000,308000,314000,305500,308500,184521
051910,1722783600000,302500,304500,263500,272500,739306
051910,1722870000000,281000,295500,277500,289500,522030
051910,1722956400000,282500,295500,282000,290000,234689
051910,1723042800000,284000,288500,276500,276500,513713
051910,1723129200000,280000,289000,278500,286000,266416
051910,1723388400000,286000,293000,286000,290000,116247
051910,1723474800000,289000,292000,283500,288500,149417
051910,1723561200000,293500,297500,293000,296000,135332
051910,1723734000000,301000,302000,292500,292500,178695
051910,1723993200000,293500,298500,287500,289500,134205
051910,1724079600000,292000,293500,283500,291500,186647
051910,1724166000000,292000,306000,292000,298000,315259
051910,1724252400000,300500,317500,299500,316000,477216
051910,1724338800000,316000,319000,312000,315000,278249
051910,1724598000000,315500,325000,315000,317000,306821
051910,1724684400000,320500,329000,316000,319000,266835
051910,1724770800000,319000,325000,313000,313500,263763
051910,1724857200000,312000,327500,309500,320500,365891
051910,1724943600000,326000,329500,320000,321500,300871
051910,1725202800000,328000,347500,326500,340000,628791
051910,1725289200000,344500,346500,331500,333000,300066
051910,1725375600000,322500,327500,319000,324000,288314
051910,1725462000000,327000,330500,318000,321500,243178
051910,1725548400000,321500,323500,308500,311500,274201
051910,1725807600000,304500,310000,301500,309500,261256
051910,1725894000000,309500,316000,303000,306500,241348
051910,1725980400000,307000,318500,307000,315500,258088
051910,1726066800000,325000,325000,318500,320500,267862
051910,1726153200000,323000,326000,315500,321500,166966
051910,1726671600000,327500,331500,312500,319500,254625
051910,1726758000000,323500,326000,316500,316500,338962
051910,1727017200000,319000,320500,313500,319000,212728
051910,1727103600000,321000,347000,321000,346000,619371
051910,1727190000000,349500,359500,345000,348500,554936
051910,1727276400000,352500,359000,349000,358000,310692
051910,1727362800000,360000,368500,353500,357500,477097
051910,1727622000000,364000,368500,356500,356500,398091
051910,1727794800000,358000,366000,353500,353500,334645
051910,1727967600000,354000,356500,346000,348500,262280
051910,1728226800000,352000,363000,349500,359000,312315
051910,1728313200000,358000,368000,354500,361000,341075
051910,1728486000000,364500,365000,356500,356500,355580
051910,1728572400000,357500,364000,350000,354500,268871
051910,1728831600000,350000,351000,342500,350500,283883
051910,1728918000000,351000,353000,337000,342000,367113
051910,1729004400000,346000,346000,337000,339000,244835
051910,1729090800000,338500,341000,331500,331500,230137
051910,1729177200000,331500,334000,324000,328500,246908
051910,1729436400000,329000,336000,327500,330500,142420
051910,1729522800000,328000,329000,317000,318000,245722
051910,1729609200000,317500,328500,314000,324500,216204
051910,1729695600000,328000,336500,324500,328000,258256
051910,1729782000000,334000,336000,321000,322500,199007
051910,1730041200000,323000,342500,322500,339000,351780
051910,1730127600000,332000,332500,312000,318500,726670
051910,1730214000000,314000,325000,313000,320500,299121
051910,1730300400000,317000,320000,313500,313500,250613
051910,1730386800000,312000,323500,310500,318000,221329
051910,1730646000000,320000,325500,313500,323500,254453
051910,1730732400000,320500,325500,319500,322000,206892
051910,1730818800000,323500,324000,299000,305500,485201
051910,1730905200000,300000,305000,294000,304000,365149
051910,1730991600000,302000,312500,302000,303000,234355
051910,1731250800000,309500,313500,301000,304000,286872
051910,1731337200000,301500,310500,301000,305500,248157
051910,1731423600000,300000,302500,287000,289000,316441
051910,1731510000000,288500,291500,278000,287500,432524
051910,1731596400000,280500,282000,267500,278000,438875
051910,1731855600000,275000,292500,275000,289500,236484
051910,1731942000000,287000,290500,284000,288500,259699
051910,1732028400000,286000,294000,282500,291500,239227
051910,1732114800000,290000,297000,288000,294500,215661
051910,1732201200000,298500,303000,297000,298000,240849
051910,1732460400000,301000,311500,299500,306500,388539
051910,1732546800000,303500,311000,303000,307000,187822
051910,1732633200000,306500,310000,299500,301000,164520
051910,1732719600000,301000,308000,300000,305000,135494
051910,1732806000000,302500,303500,283500,284000,348760
051910,1733065200000,287500,289000,279000,282500,207368
051910,1733151600000,286500,289000,279500,282500,251104
051910,1733238000000,271500,279500,268500,276000,410398
051910,1733324400000,276000,277500,263000,265000,356114
051910,1733410800000,264500,270000,259000,266500,293620
051910,1733670000000,257000,259000,246000,246500,604144
051910,1733756400000,250500,270000,250500,268000,436988
051910,1733842800000,267500,269500,259500,262500,262560
051910,1733929200000,265000,270000,261000,267500,423597
051910,1734015600000,262500,273500,259000,268500,245172
051910,1734274800000,270000,273000,265500,268000,171458
051910,1734361200000,264500,266000,254500,257000,335413
051910,1734447600000,257000,262500,255500,260000,325939
051910,1734534000000,252500,260500,250500,258000,225833
051910,1734620400000,260000,261500,254000,257500,280470
051910,1734879600000,256000,257500,248000,256000,226183
051910,1734966000000,256500,258500,252500,253000,115503
051910,1735138800000,254000,254500,246500,248000,194741
051910,1735225200000,244000,250000,242000,247000,229662
051910,1735484400000,245000,255000,244500,250000,198781
051910,1735743600000,250000,252000,240000,242500,207721
051910,1735830000000,239500,259000,239000,253500,363270
051910,1736089200000,254000,259500,251000,256500,186799
051910,1736175600000,260500,264000,255000,255500,191554
051910,1736262000000,253000,260000,252000,256500,264700
051910,1736348400000,256500,256500,247000,249000,333340
051910,1736434800000,249000,250500,245000,245000,203151
051910,1736694000000,242500,245000,239000,241000,209303
051910,1736780400000,243000,246000,238500,244500,272203
051910,1736866800000,245000,247500,239500,240000,182124
051910,1736953200000,244000,248000,243000,244000,187927
051910,1737039600000,242000,247000,240000,243500,183472
051910,1737298800000,247000,253500,246500,252500,246145
051910,1737385200000,250500,252500,238000,240500,260411
051910,1737471600000,242000,249000,241500,246000,203935
051910,1737558000000,244500,244500,239500,240500,174612
051910,1737644400000,241000,242500,237000,239500,205167
051910,1738249200000,242000,242000,236000,237500,257381
051910,1738508400000,234500,234500,221500,222000,339676
051910,1738594800000,222500,223000,211500,213000,670959
051910,1738681200000,213500,224500,213500,221500,499007
051910,1738767600000,219500,222000,217000,222000,224642
051910,1738854000000,220000,224500,216000,217000,322872
051910,1739113200000,214000,222000,208000,221000,437549
051910,1739199600000,222000,226000,218000,221500,205949
051910,1739286000000,222500,225500,218500,220000,209801
051910,1739372400000,220500,231000,220500,229500,486366
051910,1739458800000,231000,232000,226500,227500,201032
051910,1739718000000,227500,241500,227500,237500,342695
051910,1739804400000,238000,240500,236500,239000,192906
051910,1739890800000,238000,249500,238000,245500,342081
051910,1739977200000,245000,250000,244000,246500,296350
051910,1740063600000,246500,254000,244500,251000,289285
051910,1740322800000,249000,258000,247500,255500,245505
051910,1740409200000,253500,255000,248000,248500,196297
051910,1740495600000,245000,254000,245000,252000,190782
051910,1740582000000,250500,252500,247500,251000,147558
051910,1740668400000,245500,246500,233000,234500,498771
051910,1741014000000,231000,232500,225500,227500,344750
051910,1741100400000,229500,235500,223500,230500,307884
051910,1741186800000,233000,240000,231000,233000,201278
051910,1741273200000,229500,255500,228000,250500,762489
051910,1741532400000,254000,254500,240500,247000,306897
051910,1741618800000,237500,246000,236000,238000,247839
051910,1741705200000,240000,253500,238000,251000,309456
051910,1741791600000,254000,254000,242500,242500,311370
051910,1741878000000,242500,245500,230000,231000,402574
051910,1742137200000,233500,240500,232500,235000,214597
051910,1742223600000,237500,243000,231500,231500,222768
051910,1742310000000,237000,251500,236500,242000,611502
051910,1742396400000,246000,262000,245000,257000,673739
051910,1742482800000,259000,263500,246500,261500,625338
051910,1742742000000,261500,267000,258000,264500,402599
051910,1742828400000,265000,268500,258000,259500,255202
051910,1742914800000,262000,274500,261000,272000,412341
051910,1743001200000,267000,276000,267000,269000,281035
051910,1743087600000,271500,272500,258000,259000,271423
051910,1743346800000,251500,253500,243500,245000,376594
051910,1743433200000,248500,251500,238500,244000,275259
051910,1743519600000,244500,246000,229500,232500,357276
051910,1743606000000,224000,227500,221000,223000,311765
051910,1743692400000,219000,231000,219000,229500,308054
051910,1743951600000,215500,221000,212500,213500,457294
051910,1744038000000,218000,220000,210000,211500,323215
051910,1744124400000,209000,215500,202500,203500,431181
051910,1744210800000,217500,227000,210500,225500,507522
051910,1744297200000,219500,222500,216000,221500,221809
051910,1744556400000,224000,233000,224000,224500,184201
051910,1744642800000,223000,226000,219500,225000,160219
051910,1744729200000,226500,230000,219500,220000,182493
051910,1744815600000,218500,223000,216500,221000,173257
051910,1744902000000,222000,222500,218000,220500,121724
051910,1745161200000,219500,222000,215500,217500,139454
051910,1745247600000,216000,220500,214500,215500,156321
051910,1745334000000,220000,226000,217500,224000,293033
051910,1745420400000,225000,225000,218000,223000,163801
051910,1745506800000,225000,229000,222500,224500,201389
051910,1745766000000,226000,227000,221000,221000,246442
051910,1745852400000,223000,227000,221500,225500,181044
051910,1745938800000,225000,225000,215000,216000,252764
051910,1746111600000,216000,217500,207000,210000,377264
051910,1746543600000,212500,213000,206500,208000,369484
051910,1746630000000,208000,211500,207500,209000,371941
051910,1746716400000,210000,210000,205000,205500,253846
051910,1746975600000,207000,210500,206000,210500,139178
051910,1747062000000,211000,211000,202000,203000,460327
051910,1747148400000,204000,205000,199900,203500,247404
051910,1747234800000,202500,204500,201000,202500,133796
051910,1747321200000,203500,204000,193500,193600,529240
051910,1747580400000,193000,200500,193000,195800,333557
051910,1747666800000,197000,197300,189000,189700,403320
051910,1747753200000,189600,192000,187600,188000,379736
051910,1747839600000,187200,190000,182600,186700,351583
051910,1747926000000,187100,189700,182300,182400,220685
051910,1748185200000,181500,188500,181500,187700,224084
051910,1748271600000,185800,186700,182000,182900,223128
051910,1748358000000,184100,194600,183950,193900,431738
051910,1748444400000,194200,202500,192200,199300,413246
051910,1748530800000,197700,199500,193900,197300,500660
051910,1748790000000,197500,198200,193900,195300,157923
051910,1748962800000,197300,202500,197200,198700,281974
051910,1749049200000,199200,204000,197500,201500,240315
051910,1749394800000,203000,203500,198700,201500,315511
051910,1749481200000,203000,212500,202000,206500,407152
051910,1749567600000,210000,214000,205000,208500,289528
051910,1749654000000,207000,213000,206500,210500,446626
051910,1749740400000,211000,213500,206500,208500,298877
051910,1749999600000,208000,208500,201000,205500,250900
051910,1750086000000,207500,211500,204000,207000,262029
051910,1750172400000,204500,209500,204000,207500,216329
051910,1750258800000,208500,210000,204000,206000,203413
051910,1750345200000,206500,213500,205000,211500,389198
051910,1750604400000,207500,208000,200500,202500,280173
051910,1750690800000,207500,216000,206500,211000,372374
051910,1750777200000,213500,214000,210000,212500,178210
051910,1750863600000,213500,218000,211000,216000,313116
051910,1750950000000,217000,218000,208000,209000,227948
051910,1751209200000,211000,215500,210000,211500,173180
051910,1751295600000,213000,236000,212000,229000,810916
051910,1751382000000,227000,241500,226500,240000,627281
051910,1751468400000,248000,262500,246500,257000,1201428
051910,1751554800000,251000,268500,245000,264500,706352
051910,1751814000000,267500,270500,257000,258500,514957
051910,1751900400000,255000,264250,253000,254500,355808
051910,1751986800000,258000,266500,256000,260000,294670
051910,1752073200000,264500,275000,264000,274000,622092
051910,1752159600000,277000,278500,270500,272000,359580
051910,1752418800000,272500,277500,269500,273500,208053
051910,1752505200000,273000,274000,265500,273000,256242
051910,1752591600000,271000,272500,262000,263500,327945
051910,1752678000000,265500,272500,264000,269500,318854
051910,1752764400000,272500,277500,270000,272500,244314
051910,1753023600000,273000,293000,271000,287000,575916
051910,1753110000000,292000,299000,287000,289000,418076
051910,1753196400000,296000,301000,289000,291000,431760
051910,1753282800000,288500,305000,287500,305000,546808
051910,1753369200000,305000,308000,299000,307000,382336
051910,1753628400000,309500,318500,309500,313000,312827
051910,1753714800000,306500,309000,298500,308000,384643
051910,1753801200000,304500,308500,300500,306000,323896
051910,1753887600000,315500,322500,297500,301500,422313
051910,1753974000000,294500,302000,287000,290000,385496
051910,1754233200000,294000,294500,284000,289500,268894
051910,1754319600000,293000,302000,292000,298000,277568
051910,1754406000000,296000,307000,295000,301000,265521
051910,1754492400000,303500,303500,292000,292500,257418
051910,1754578800000,292000,292500,271000,276500,625417
051910,1754838000000,274500,279000,273500,277500,233130
051910,1754924400000,275000,280000,273500,275500,162707
051910,1755010800000,278000,279500,269500,279500,413119
051910,1755097200000,280000,282500,277500,282500,214283
051910,1755442800000,280000,283500,274500,276000,187334
051910,1755529200000,276500,279500,272500,277500,185341
051910,1755615600000,277000,286500,277000,283500,367843
051910,1755702000000,287000,302500,283000,293000,511584
051910,1755788400000,294000,296000,286000,287500,189281
051910,1756047600000,290000,293000,285000,292500,162261
051910,1756134000000,291000,296500,289000,289500,211149
051910,1756220400000,290500,290500,285000,286500,119955
051910,1756306800000,287000,292500,280000,281500,172022
051910,1756393200000,284000,286000,276000,277500,202049
051910,1756652400000,275000,275000,270000,271500,135526
051910,1756738800000,271000,272000,264500,269500,175907
051910,1756825200000,269500,273000,268500,270000,94431
051910,1756911600000,274000,279500,273000,278000,152241
051910,1756998000000,278000,278500,272500,274500,136324
051910,1757257200000,271000,277000,271000,275500,98768
051910,1757343600000,280500,296000,275500,293000,510456
051910,1757430000000,290500,292500,285500,287000,224616
051910,1757516400000,288500,290000,285500,290000,230401
051910,1757602800000,293000,293000,288000,290000,187098
051910,1757862000000,288500,301500,288500,293500,292193
051910,1757948400000,295000,300500,286500,288000,320132
051910,1758034800000,289500,294500,287500,292000,142980
051910,1758121200000,293500,306500,289500,301000,301884
051910,1758207600000,299500,303000,291000,291000,343090
051910,1758466800000,293500,302000,293000,295000,159506
051910,1758553200000,295000,300500,293000,298500,157221
051910,1758639600000,300000,300500,285500,286000,238319
051910,1758726000000,287000,292500,286000,292500,205795
051910,1758812400000,289500,291000,280500,282500,227238
051910,1759071600000,285000,285500,275500,280000,186592
051910,1759158000000,278500,284500,277500,278000,165726
051910,1759244400000,279000,283000,275000,281500,141779
051910,1759330800000,286000,288000,277500,277500,301239
051910,1760022000000,282000,287500,277500,279000,288939
051910,1760281200000,278000,282000,271500,282000,245693
051910,1760367600000,280000,299500,280000,296500,479724
051910,1760454000000,295000,295500,291000,294000,172127
051910,1760540400000,294500,312000,294500,312000,557451
051910,1760626800000,309500,350000,308500,339000,1150682
051910,1760886000000,337500,350000,333500,347500,449112
051910,1760972400000,343000,354000,341000,346000,357271
051910,1761058800000,356000,395500,351000,391000,1575365
051910,1761145200000,406500,408000,387000,389500,892900
051910,1761231600000,386000,410000,383000,401000,811185
051910,1761490800000,402500,407500,391000,404000,447924
051910,1761577200000,399000,414500,395500,413500,503165
051910,1761663600000,412500,422000,409500,417000,432477
051910,1761750000000,412000,423500,400000,405000,439474
051910,1761836400000,393500,400500,389000,397500,501518
051910,1762095600000,399000,401000,385500,393000,345947
051910,1762182000000,400000,409000,391000,395000,294129
051910,1762268400000,395500,401000,373000,385000,436160
051910,1762354800000,393000,405500,385500,385500,441659
051910,1762441200000,389000,394000,375000,382000,259098
051910,1762700400000,385500,401000,375500,397000,290167
051910,1762786800000,401500,405000,392500,399500,396621
051910,1762873200000,402500,404000,390000,393500,401469
051910,1762959600000,393500,428500,393500,419500,676571
051910,1763046000000,406500,420000,403000,407500,338108
051910,1763305200000,413000,419500,398000,402000,264512
051910,1763391600000,398000,405500,386500,388000,333994
051910,1763478000000,394000,398500,378000,390500,206165
051910,1763564400000,397500,399000,388500,388500,174417
051910,1763650800000,377500,378000,362750,367000,315503
051910,1763910000000,369000,370500,355000,358500,319529
051910,1763996400000,365000,369000,359500,363000,251051
051910,1764082800000,369500,397500,369000,397000,504358
051910,1764169200000,394500,402500,386000,395500,457285
051910,1764255600000,396500,396500,373000,374000,401535
051910,1764514800000,378000,383500,367000,372000,213121
051910,1764601200000,374500,376500,367500,371500,178062
051910,1764687600000,373000,383000,372500,380000,193648
051910,1764774000000,380000,383000,373500,376000,229061
051910,1764860400000,376500,382000,372000,381500,275857
051910,1765119600000,384000,387000,377500,386500,237724
051910,1765206000000,383500,385000,378000,379500,176352
051910,1765292400000,384500,388500,373500,376000,192669
051910,1765378800000,379500,380500,365500,365500,278618
051910,1765465200000,370000,373000,366500,371500,173965
051910,1765724400000,362000,377000,361500,369000,150033
051910,1765810800000,369500,370000,351500,354000,258691
051910,1765897200000,356500,365000,354500,364000,182526
051910,1765983600000,344000,347000,332500,333000,439388
051910,1766070000000,335000,338500,324500,338500,344256
051910,1766329200000,343000,351000,339000,346000,157106
051910,1766415600000,348000,348000,342500,345500,143777
051910,1766502000000,347500,349000,342500,346000,105513
051910,1766674800000,343000,346000,335000,336000,145837
051910,1766934000000,326000,339000,325000,338500,139537
051910,1767020400000,334000,334500,330000,333000,193822
051910,1767279600000,331000,331000,319500,322500,246623
051910,1767538800000,318500,330000,318500,330000,222585
051910,1767625200000,334000,334500,324500,328500,282451
051910,1767711600000,326000,328500,315000,319500,282239
051910,1767798000000,316500,317500,311000,315000,416599
051910,1767884400000,317000,320000,307500,312500,280530
051910,1768143600000,311000,322500,310000,321500,342118
051910,1768230000000,323000,343000,318000,342500,461945
051910,1768316400000,340500,341500,327500,330500,244657
051910,1768402800000,331000,342500,330500,336000,270726
051910,1768489200000,337000,343000,330500,333500,239548
051910,1768748400000,329000,338500,323500,337500,289896
051910,1768834800000,334000,345000,333000,339000,267761
051910,1768921200000,334000,336500,323500,331000,212312
051910,1769007600000,332000,357000,331000,350500,664481
051910,1769094000000,359500,369000,350500,358000,541858
051910,1769353200000,356000,358000,344500,349500,400048
051910,1769439600000,345000,355000,341000,344000,308673
051910,1769526000000,349500,366500,348500,354000,456693
051910,1769612400000,357500,357500,336000,343000,435702
051910,1769698800000,341000,342500,310500,310500,963226
051910,1769958000000,312000,312500,294000,296500,492954
051910,1770044400000,302000,307500,296500,306500,349494
051910,1770130800000,305500,319000,305500,318000,351475
051910,1770217200000,315500,320000,307500,312000,310333
051910,1770303600000,303500,305500,297000,304000,266373
051910,1770562800000,313000,315000,305000,310500,259118
051910,1770649200000,312000,324500,310500,321000,413203
051910,1770735600000,324000,327000,318000,322500,393723
051910,1770822000000,325500,340000,324000,336500,576686
051910,1770908400000,331000,336000,324000,324500,386073
051910,1771426800000,326500,336500,326000,334500,383082
051910,1771513200000,333500,341500,331500,337000,236523
051910,1771772400000,339000,340000,332000,332500,232539
051910,1771858800000,335000,351500,333500,350500,519344
051910,1771945200000,353000,401500,347500,387500,1099978
051910,1772031600000,387500,393500,383000,390000,466977
051910,1772118000000,381000,424000,381000,417500,1146026
051910,1772463600000,402000,407000,360000,361000,956158
051910,1772550000000,343000,347500,303000,307000,720462
051910,1772636400000,334500,338500,321000,324500,550806
051910,1772722800000,317500,328000,307500,326500,511510
051910,1772982000000,305000,310500,288000,300000,582831
051910,1773068400000,320000,323000,305500,311000,279895
051910,1773154800000,321500,329500,312000,315500,217879
051910,1773241200000,311000,313500,304000,306000,308065
051910,1773327600000,295000,301500,294500,297500,273412
051910,1773586800000,296000,297500,288000,292000,325789
051910,1773673200000,300000,313500,300000,307500,256068
051910,1773759600000,314000,324000,312000,320000,278071
051910,1773846000000,308000,313000,303500,303500,207291
051910,1773932400000,310000,312500,306500,310000,214904
051910,1774191600000,298000,299500,289000,290000,249892
051910,1774278000000,305000,315000,303000,314000,337381
051910,1774364400000,319500,323000,311500,318000,218075
051910,1774450800000,320000,326500,311000,314000,213175
051910,1774537200000,304000,316500,298500,313000,239600
051910,1774796400000,299000,328500,297000,322000,387305
051910,1774882800000,319000,321000,297500,299000,473765
051910,1774969200000,314500,315500,302500,312500,322039
051910,1775055600000,316000,326500,298000,302000,438492
051910,1775142000000,309500,311500,299500,304500,241336
051910,1775401200000,303500,320500,303500,317000,299795
051910,1775487600000,316500,331000,315000,323500,313215
051910,1775574000000,342000,346500,331000,344500,374125
051910,1775660400000,353500,367000,348500,355000,717366
051910,1775746800000,359500,362500,351500,356000,283205
051910,1776006000000,344000,345000,336000,340000,264626
051910,1776092400000,346000,350500,340500,341500,164618
051910,1776178800000,349500,363000,348000,354000,322452
051910,1776265200000,360500,365000,351500,357500,218360
051910,1776351600000,357500,362000,352500,360000,188824
051910,1776610800000,360000,374000,359000,365500,239109
051910,1776697200000,374000,390000,371000,389500,449161
051910,1776783600000,390000,399500,385000,392000,344699
051910,1776870000000,400500,403500,384500,391500,373795
051910,1776956400000,390000,393500,378500,391500,309047
051910,1777215600000,390000,390000,377000,379500,305442
051910,1777302000000,386000,403500,385000,394000,339216
051910,1777388400000,397500,411500,395000,407500,414937
051910,1777474800000,407500,407500,392000,397000,283039
051910,1777820400000,411500,435000,408000,429000,609933
051910,1777993200000,436000,436000,413000,423500,372989
051910,1778079600000,424500,429000,413750,425000,397016
051910,1778166000000,425000,437500,414500,429500,316902
051910,1778425200000,426500,431750,415500,423500,323937
051910,1778511600000,419000,420500,377000,388500,1047094
051910,1778598000000,395000,397000,374000,387500,337701
051910,1778684400000,394500,395000,376500,392500,365104
051910,1778770800000,393000,409500,367000,374000,407694
051910,1779030000000,378500,380000,351500,373000,248124
051910,1779116400000,369500,369500,341500,350500,395053
051910,1779202800000,353500,354000,326000,332000,458363
051910,1779289200000,343000,349500,336000,348000,373133
051910,1779375600000,357000,362000,345500,351000,349477
051910,1779721200000,359000,361000,349500,351000,288865
051910,1779807600000,348500,351500,330500,331000,447062
051910,1779894000000,343000,348500,329500,344500,475564
051910,1779980400000,345000,372000,339500,367000,935945
051910,1780239600000,364500,379500,358500,363500,556724
051910,1780326000000,358000,381000,354000,355000,509454
051910,1780498800000,351500,358500,340500,352000,437034
051910,1780585200000,357000,359000,330000,349000,280325
051910,1780844400000,320500,331000,317500,321000,350623
051910,1780930800000,323500,333500,318000,329000,442906
051910,1781017200000,321500,333000,312000,323000,460889
051910,1781103600000,313000,318500,304000,316500,439844
051910,1781190000000,331500,348000,328000,345000,370877
051910,1781449200000,355000,361500,346000,360500,254923
051910,1781535600000,364500,372500,356000,367500,228006
051910,1781622000000,368500,372500,359000,361000,188380
051910,1781708400000,357500,364500,340500,342500,316742
051910,1781794800000,346000,355000,322000,338000,384173
051910,1782054000000,339000,339000,325500,326500,16630
035420,1696345200000,196000,198100,191200,191200,1163452
035420,1696431600000,192500,193800,189000,189400,622759
035420,1696518000000,189300,192300,189200,190900,403501
035420,1696863600000,192800,196300,189800,191200,627779
035420,1696950000000,194000,195800,192800,193000,603727
035420,1697036400000,193700,194900,191500,193600,570782
035420,1697122800000,191700,193700,190900,191800,368249
035420,1697382000000,190500,192000,188400,189700,568781
035420,1697468400000,191500,192800,188500,188500,512662
035420,1697554800000,188400,190000,185500,186300,531306
035420,1697641200000,183100,183600,180700,181400,789241
035420,1697727600000,178400,181600,178000,180200,579075
035420,1697986800000,179300,182200,178200,178300,446010
035420,1698073200000,181500,187100,180100,187000,802790
035420,1698159600000,189900,191200,184800,189100,802846
035420,1698246000000,184000,186800,181300,181900,757629
035420,1698332400000,183400,186300,182500,185400,520566
035420,1698591600000,184100,187200,183000,186100,392043
035420,1698678000000,191000,192700,186700,187400,823369
035420,1698764400000,190000,191600,187000,187700,511161
035420,1698850800000,191100,192700,190300,190800,633508
035420,1698937200000,195800,200500,193100,200500,1272388
035420,1699196400000,204500,207500,200000,205500,1000560
035420,1699282800000,202500,204000,197600,200500,782666
035420,1699369200000,200000,202000,197400,197400,586525
035420,1699455600000,197100,200500,196000,198200,592942
035420,1699542000000,196300,198500,193500,194700,674585
035420,1699801200000,197400,199000,192500,192600,499910
035420,1699887600000,194100,198900,194000,198600,478385
035420,1699974000000,203500,206000,202000,205500,846436
035420,1700060400000,204000,204500,200500,203000,425403
035420,1700146800000,203000,204000,200000,202000,406874
035420,1700406000000,200500,203500,200000,202500,272327
035420,1700492400000,205000,207500,204000,204500,463033
035420,1700578800000,202500,207500,200500,207500,357391
035420,1700665200000,206500,208000,204500,205500,345224
035420,1700751600000,205500,207500,204000,205500,335280
035420,1701010800000,205500,211000,205000,206000,538210
035420,1701097200000,208000,210000,204500,207500,550801
035420,1701183600000,208500,209000,205500,207500,496563
035420,1701270000000,206500,209500,206500,208000,642304
035420,1701356400000,208000,210000,204000,206000,542598
035420,1701615600000,208000,214000,207500,210500,706500
035420,1701702000000,210000,216500,209500,213000,890514
035420,1701788400000,214000,215500,212500,213500,494143
035420,1701874800000,214000,215000,210000,212500,521170
035420,1701961200000,215500,219000,215000,217500,685720
035420,1702220400000,218500,220500,215000,217500,513760
035420,1702306800000,216500,219500,212500,213500,710270
035420,1702393200000,212000,215500,212000,213500,435945
035420,1702479600000,218500,225000,217000,223000,1761941
035420,1702566000000,223000,226500,222000,226000,899325
035420,1702825200000,226000,226500,222000,223000,555176
035420,1702911600000,222500,224500,221000,222500,497403
035420,1702998000000,224000,225500,219500,220500,874344
035420,1703084400000,218500,220000,215500,216500,844340
035420,1703170800000,218500,219000,215000,215000,571741
035420,1703516400000,216500,217500,215000,215500,458545
035420,1703602800000,216000,223000,215500,223000,609910
035420,1703689200000,224000,224000,221000,224000,525435
035420,1704121200000,222500,229000,221000,227500,716469
035420,1704207600000,223500,224000,220000,222000,690960
035420,1704294000000,221000,225500,220500,223000,538911
035420,1704380400000,222500,224000,219500,220500,387884
035420,1704639600000,222000,231500,222000,226500,1054917
035420,1704726000000,229500,233000,228500,229500,835945
035420,1704812400000,229500,233500,227000,231000,702562
035420,1704898800000,232500,234500,229500,231500,879647
035420,1704985200000,232000,232500,228000,230500,516678
035420,1705244400000,230000,230500,223500,229500,536029
035420,1705330800000,227500,235500,227000,230000,695734
035420,1705417200000,228500,230500,218500,219000,961856
035420,1705503600000,217000,219500,215000,216500,730722
035420,1705590000000,219000,221500,213500,215500,916193
035420,1705849200000,219000,222500,217000,217000,533513
035420,1705935600000,218000,219500,215500,218000,388908
035420,1706022000000,219000,219500,215500,218000,380731
035420,1706108400000,216000,217000,212500,213500,582265
035420,1706194800000,211500,218500,211500,216500,406869
035420,1706454000000,216500,218000,211500,212000,616505
035420,1706540400000,214000,214500,208000,209500,614246
035420,1706626800000,208500,209500,200000,200500,1318605
035420,1706713200000,199500,202500,198600,202500,818613
035420,1706799600000,209500,221500,208000,221500,1841501
035420,1707058800000,220500,221500,208000,208000,1721981
035420,1707145200000,208000,209000,203500,205500,896400
035420,1707231600000,208000,209500,204000,204500,706209
035420,1707318000000,206500,208000,205000,206000,628984
035420,1707750000000,206500,208000,204500,205000,860778
035420,1707836400000,200500,203500,199300,202500,627951
035420,1707922800000,205000,209500,203500,203500,945641
035420,1708009200000,205500,209000,204000,205000,999143
035420,1708268400000,206500,206500,203000,203500,618150
035420,1708354800000,203500,205500,202000,202500,708867
035420,1708441200000,202000,203500,201000,202500,592041
035420,1708527600000,204000,204500,200500,202000,881700
035420,1708614000000,202500,203000,200000,200500,731357
035420,1708873200000,200000,201500,199500,199900,630834
035420,1708959600000,199900,200500,198700,200000,650795
035420,1709046000000,200500,204000,199700,204000,597421
035420,1709132400000,200000,200500,195000,195000,2016957
035420,1709478000000,194400,197400,192000,192000,1186323
035420,1709564400000,191800,192800,188700,188700,1096733
035420,1709650800000,189000,192800,189000,189800,876283
035420,1709737200000,191200,191500,188200,189000,775759
035420,1709823600000,190000,190700,188000,188000,750757
035420,1710082800000,188200,190900,188200,189900,653165
035420,1710169200000,190700,191200,188400,190500,708580
035420,1710255600000,191100,191200,188300,188400,812716
035420,1710342000000,188800,189400,186800,186800,1148654
035420,1710428400000,186100,188500,186000,186100,1015837
035420,1710687600000,186200,186500,183200,184100,1054143
035420,1710774000000,183200,183800,182100,182600,726483
035420,1710860400000,183000,184400,182600,183100,569076
035420,1710946800000,184700,187800,184400,184400,1047858
035420,1711033200000,184600,190800,184600,188900,1280053
035420,1711292400000,187300,189400,185400,188000,654494
035420,1711378800000,188000,191000,187300,188900,746583
035420,1711465200000,188900,191200,188400,189300,590542
035420,1711551600000,190000,190200,187100,187100,661837
035420,1711638000000,187300,188900,185100,187400,633233
035420,1711897200000,188000,194500,188000,194300,1393825
035420,1711983600000,192500,193100,190500,192000,918137
035420,1712070000000,191000,197300,190600,193400,1132978
035420,1712156400000,195900,196000,194100,194300,682404
035420,1712242800000,192100,193800,190000,193100,484403
035420,1712502000000,193100,193200,188500,189900,614052
035420,1712588400000,189100,190500,186600,189000,457312
035420,1712761200000,186100,188300,183100,183600,1192681
035420,1712847600000,184700,189300,184600,185900,835729
035420,1713106800000,183800,184600,182600,182800,636607
035420,1713193200000,181600,181700,179500,179500,796179
035420,1713279600000,180800,181600,179600,179600,405813
035420,1713366000000,180000,181500,179800,180700,599743
035420,1713452400000,179900,183800,179100,182400,759807
035420,1713711600000,185200,185300,180300,180900,492109
035420,1713798000000,181400,182400,180000,180100,468831
035420,1713884400000,181400,184400,181300,183700,597721
035420,1713970800000,181500,184600,180200,182700,437455
035420,1714057200000,184100,184500,181500,181500,438747
035420,1714316400000,182200,184800,181600,184700,510519
035420,1714402800000,184600,187500,183800,184400,620050
035420,1714575600000,185200,190000,184600,188800,1046087
035420,1714662000000,195000,196400,191500,194600,2291415
035420,1715007600000,197400,198500,193800,194800,1272598
035420,1715094000000,194100,194100,189700,190900,1000782
035420,1715180400000,185900,188700,185500,188300,1129421
035420,1715266800000,188300,189300,187100,188600,691790
035420,1715526000000,186900,186900,182400,184300,723861
035420,1715612400000,185100,187200,184300,184400,542815
035420,1715785200000,186300,190600,186200,188500,805720
035420,1715871600000,188600,189800,187000,187300,394214
035420,1716130800000,187900,188000,183600,184000,569690
035420,1716217200000,182100,184500,182100,183200,469119
035420,1716303600000,182800,183300,182300,182600,316154
035420,1716390000000,181900,183000,180100,182100,406392
035420,1716476400000,180300,181100,179000,179000,730052
035420,1716735600000,180000,180100,177400,179000,558709
035420,1716822000000,178500,178700,177400,177400,563865
035420,1716908400000,178100,179800,175100,175300,898094
035420,1716994800000,173500,174900,170400,170400,947416
035420,1717081200000,170500,172000,170000,170200,1117529
035420,1717340400000,172000,175500,171800,172700,661878
035420,1717426800000,172600,177400,172600,176800,758259
035420,1717513200000,177400,178200,175600,177100,467925
035420,1717686000000,177500,178500,174900,175400,638712
035420,1717945200000,173100,175000,170700,170700,744709
035420,1718031600000,171000,171500,170000,170200,606686
035420,1718118000000,170000,170900,167700,168400,977784
035420,1718204400000,170000,173000,169900,169900,982883
035420,1718290800000,169300,171100,168700,169900,677657
035420,1718550000000,168800,169400,166000,166100,876593
035420,1718636400000,166700,169400,166300,166800,663328
035420,1718722800000,167700,168400,165100,167900,773616
035420,1718809200000,167500,169700,166500,167200,581688
035420,1718895600000,166200,168000,165600,167600,872036
035420,1719154800000,167700,170700,167200,168900,591088
035420,1719241200000,168200,168400,165700,166400,675119
035420,1719327600000,165800,169400,165000,168400,635128
035420,1719414000000,166800,167700,165400,165400,582846
035420,1719500400000,167300,169000,165900,166900,709968
035420,1719759600000,165400,166000,161500,162900,1140154
035420,1719846000000,161600,162500,159600,159900,932343
035420,1719932400000,160000,162400,159700,159800,608424
035420,1720018800000,160100,161000,159600,159800,505466
035420,1720105200000,160600,168600,160200,168100,1306514
035420,1720364400000,168100,171900,166100,170500,1148160
035420,1720450800000,171100,172900,169800,170700,661077
035420,1720537200000,170600,178300,169700,177500,1659106
035420,1720623600000,178400,178700,175300,176100,791229
035420,1720710000000,176100,181600,174000,174800,1393405
035420,1720969200000,178200,180500,176000,176300,925722
035420,1721055600000,175600,176200,171100,171600,812128
035420,1721142000000,172000,174500,171600,173400,560011
035420,1721228400000,173300,175500,171300,174900,523719
035420,1721314800000,173700,174700,169800,172200,616972
035420,1721574000000,172000,173900,170700,172700,464293
035420,1721660400000,174000,177000,170600,170600,599169
035420,1721746800000,169000,172500,167000,171700,411210
035420,1721833200000,170000,179200,169500,178000,1473198
035420,1721919600000,178400,179000,174500,174800,880999
035420,1722178800000,175300,176200,173600,175000,429619
035420,1722265200000,174500,176600,172600,173300,402895
035420,1722351600000,173900,175100,171500,174000,425047
035420,1722438000000,176500,177000,174500,175000,481980
035420,1722524400000,172000,172500,170500,171400,674484
035420,1722783600000,169000,169600,151100,156100,1447269
035420,1722870000000,160000,163300,156600,158400,1115733
035420,1722956400000,156100,163500,156000,162700,778054
035420,1723042800000,160100,163500,158900,162700,724039
035420,1723129200000,170000,170000,163100,163700,1236721
035420,1723388400000,164600,164700,159400,160300,811411
035420,1723474800000,159800,160300,156100,156400,1035007
035420,1723561200000,157300,158000,155700,157300,858853
035420,1723734000000,159200,159200,157000,157500,825934
035420,1723993200000,157900,159300,156600,156600,548046
035420,1724079600000,157900,158900,156500,156600,541953
035420,1724166000000,156700,157500,155600,156400,464862
035420,1724252400000,157200,164700,157100,164700,1616355
035420,1724338800000,164300,165400,163300,164900,589333
035420,1724598000000,165600,172200,164500,170700,1277462
035420,1724684400000,170900,171900,167900,167900,628385
035420,1724770800000,168000,168500,163600,163800,781672
035420,1724857200000,162800,165900,162100,164900,448071
035420,1724943600000,165500,170300,165200,169100,950399
035420,1725202800000,169100,169100,164900,166600,505605
035420,1725289200000,167200,169700,165300,165300,536586
035420,1725375600000,160300,162600,156700,157500,1217431
035420,1725462000000,158300,161800,158000,159800,830603
035420,1725548400000,160200,160600,157100,157200,649137
035420,1725807600000,153800,155500,152500,155000,612322
035420,1725894000000,156500,159100,156400,159000,956903
035420,1725980400000,157200,160300,155900,156400,425569
035420,1726066800000,157600,160000,156600,160000,586471
035420,1726153200000,159900,160400,158900,160100,352083
035420,1726671600000,161900,162600,159500,160600,606948
035420,1726758000000,162000,165400,159700,159900,780267
035420,1727017200000,160700,166700,159900,166700,951074
035420,1727103600000,166600,168000,164100,168000,661159
035420,1727190000000,169200,169800,166100,166200,676074
035420,1727276400000,167100,170900,167100,170900,700659
035420,1727362800000,170900,171400,168600,170400,844604
035420,1727622000000,174000,177300,169400,169400,1947054
035420,1727794800000,168200,171100,168100,168200,940787
035420,1727967600000,169300,171900,168200,170700,1171102
035420,1728226800000,171800,171900,165800,166100,1084682
035420,1728313200000,166500,167400,165100,166200,893907
035420,1728486000000,167900,174700,167800,172400,1408359
035420,1728572400000,172900,173500,171200,173300,576782
035420,1728831600000,173300,174300,169900,171400,677634
035420,1728918000000,172400,175700,172400,175200,1056877
035420,1729004400000,173900,177700,173300,177000,864891
035420,1729090800000,177000,177700,175000,175000,571148
035420,1729177200000,176500,177600,175400,176800,570513
035420,1729436400000,176800,179200,176200,176800,537952
035420,1729522800000,176900,177100,170800,171200,765563
035420,1729609200000,172000,174600,170800,172500,589358
035420,1729695600000,172100,173400,170800,172100,384523
035420,1729782000000,172100,172900,167100,167800,627017
035420,1730041200000,167800,170700,167800,170400,319943
035420,1730127600000,170400,171800,166700,169200,352478
035420,1730214000000,170600,175300,170500,174400,716996
035420,1730300400000,172100,174800,169700,170000,485411
035420,1730386800000,169000,170800,168500,169700,244187
035420,1730646000000,170200,175900,170100,175700,697688
035420,1730732400000,174000,177100,173700,176500,346402
035420,1730818800000,176700,177400,174100,176300,432475
035420,1730905200000,175900,179700,174600,179700,675120
035420,1730991600000,182600,182800,173700,174600,1233287
035420,1731250800000,174600,177000,171500,176000,654961
035420,1731337200000,175700,182800,175700,181400,1708052
035420,1731423600000,181400,184100,179700,182200,1224589
035420,1731510000000,183800,190500,183000,188500,2172828
035420,1731596400000,190500,191900,188100,190000,1153043
035420,1731855600000,191000,191800,189300,190800,760104
035420,1731942000000,190300,194200,190200,193000,964416
035420,1732028400000,193500,194000,191300,193100,693589
035420,1732114800000,192600,192700,188900,189700,887174
035420,1732201200000,189600,190800,187400,190000,759493
035420,1732460400000,190100,193200,187400,193200,2335917
035420,1732546800000,192200,196000,192200,195600,995917
035420,1732633200000,196800,205000,196200,203000,2305266
035420,1732719600000,204000,208000,202000,204500,1341153
035420,1732806000000,204500,209000,201500,206500,1243799
035420,1733065200000,208500,210500,203000,203500,1220401
035420,1733151600000,207500,210000,204500,209000,1101247
035420,1733238000000,205000,209000,200500,202500,1758995
035420,1733324400000,204500,208000,203000,204000,1438398
035420,1733410800000,204000,206000,197300,204500,1336764
035420,1733670000000,200500,204000,200500,201500,1206493
035420,1733756400000,204500,209000,203000,209000,905766
035420,1733842800000,209000,218000,208500,218000,1547595
035420,1733929200000,219000,220000,206000,208000,2167932
035420,1734015600000,209000,212000,205000,210000,1102386
035420,1734274800000,213500,218000,211500,214000,945545
035420,1734361200000,214500,215000,209000,209500,895923
035420,1734447600000,209500,215000,209500,212500,663879
035420,1734534000000,208500,211500,207500,209500,640399
035420,1734620400000,211000,213000,208500,210000,775746
035420,1734879600000,212500,213000,200000,201000,1169871
035420,1734966000000,200500,204000,200500,202500,557658
035420,1735138800000,202500,203000,197000,199900,645976
035420,1735225200000,198700,200500,195500,197700,689235
035420,1735484400000,196800,201500,196400,198900,577293
035420,1735743600000,199500,202000,191700,193800,698458
035420,1735830000000,193200,202000,193200,200500,798480
035420,1736089200000,200500,208500,200500,208500,770359
035420,1736175600000,210000,213000,207000,208000,603701
035420,1736262000000,206500,210000,206000,207000,523637
035420,1736348400000,208500,210000,201000,202500,777551
035420,1736434800000,203000,204500,201000,202000,441863
035420,1736694000000,201000,205000,200000,204000,543782
035420,1736780400000,204000,205500,202000,202000,499095
035420,1736866800000,203000,207000,202000,206500,678808
035420,1736953200000,210000,211000,205000,206500,642605
035420,1737039600000,206000,210000,203500,209000,701799
035420,1737298800000,209000,209500,204500,205000,398841
035420,1737385200000,205000,208000,203000,204500,357682
035420,1737471600000,207000,211500,204000,204000,555170
035420,1737558000000,206000,207500,204000,204500,487301
035420,1737644400000,205500,209000,203500,204000,419464
035420,1738249200000,208500,218500,208500,216500,1964710
035420,1738508400000,217500,219500,213500,217000,1410072
035420,1738594800000,220000,224000,217000,218500,1432688
035420,1738681200000,222500,232000,219000,229000,2336982
035420,1738767600000,229500,232000,223500,232000,1718369
035420,1738854000000,235500,235500,223000,225500,1908836
035420,1739113200000,229500,232000,227000,227500,1234703
035420,1739199600000,227500,231500,225500,228500,808905
035420,1739286000000,230000,230500,222500,225000,945298
035420,1739372400000,225000,226000,218000,220000,1028493
035420,1739458800000,222000,224500,220000,221000,574538
035420,1739718000000,221500,224000,219500,221000,615576
035420,1739804400000,221500,223000,218000,222500,630070
035420,1739890800000,222500,224000,220000,222000,569222
035420,1739977200000,221000,225500,218500,221500,614258
035420,1740063600000,222500,228000,222000,226500,821558
035420,1740322800000,224000,228000,224000,228000,526842
035420,1740409200000,226000,230000,224500,228500,622624
035420,1740495600000,228500,232000,227500,231500,708250
035420,1740582000000,230500,230500,218000,219000,1125911
035420,1740668400000,214500,217000,206500,207000,1660981
035420,1741014000000,205000,210000,204500,205500,673266
035420,1741100400000,210500,212000,205500,207500,761832
035420,1741186800000,208500,220000,207500,219000,998317
035420,1741273200000,216000,216500,213000,213000,630434
035420,1741532400000,211500,217000,210500,215000,542653
035420,1741618800000,205500,214500,205000,212500,586599
035420,1741705200000,212500,215500,211000,214000,409913
035420,1741791600000,217500,219500,213000,216000,622944
035420,1741878000000,215500,216500,208000,208000,519114
035420,1742137200000,210000,211000,207500,211000,481843
035420,1742223600000,211000,214000,208000,209000,669726
035420,1742310000000,208000,211500,207500,208000,710932
035420,1742396400000,210000,210000,207500,208000,593445
035420,1742482800000,209500,210500,206000,209500,685909
035420,1742742000000,209500,210500,206000,207000,354434
035420,1742828400000,208500,209000,206500,207500,365297
035420,1742914800000,207500,208500,203000,204000,790441
035420,1743001200000,201000,203000,196500,197800,1501086
035420,1743087600000,197600,197700,193900,194700,700564
035420,1743346800000,191400,192100,189200,191000,668750
035420,1743433200000,191600,198000,191600,196700,485068
035420,1743519600000,197600,197800,194200,195600,461848
035420,1743606000000,190900,199600,190800,198600,577896
035420,1743692400000,196700,202500,194100,197800,672143
035420,1743951600000,192400,195200,189300,191800,597627
035420,1744038000000,192100,193000,179200,179600,1366603
035420,1744124400000,179000,181300,176200,176900,621304
035420,1744210800000,184200,184600,179800,183900,656557
035420,1744297200000,180200,184100,180100,183000,569473
035420,1744556400000,183000,185100,182500,182700,391419
035420,1744642800000,184800,186400,183700,183900,345595
035420,1744729200000,183900,186300,183000,184400,427131
035420,1744815600000,184800,185400,182100,183600,237641
035420,1744902000000,184700,187900,184000,187500,287707
035420,1745161200000,189100,190800,187200,187500,246628
035420,1745247600000,187200,195700,186000,193700,645159
035420,1745334000000,196000,196300,192600,192900,391879
035420,1745420400000,192600,193800,190400,191500,417055
035420,1745506800000,193400,195100,192200,193500,391764
035420,1745766000000,194300,196500,192700,195500,313415
035420,1745852400000,195500,197400,193700,196500,325432
035420,1745938800000,196200,200500,195800,200500,523186
035420,1746111600000,199800,200500,197300,197400,280801
035420,1746543600000,200000,202000,198200,199100,622014
035420,1746630000000,195100,196600,188500,188700,1199556
035420,1746716400000,190000,192100,189500,191000,558440
035420,1746975600000,192800,194300,189700,190200,437578
035420,1747062000000,190000,191000,187600,188200,680047
035420,1747148400000,189900,191400,188900,191200,363846
035420,1747234800000,189800,190300,188200,189200,355097
035420,1747321200000,189100,189700,187500,187800,285272
035420,1747580400000,187600,188200,184500,185400,262018
035420,1747666800000,185800,186500,184000,185000,293512
035420,1747753200000,185900,186500,184600,184800,382117
035420,1747839600000,183200,184500,181100,183200,469433
035420,1747926000000,184100,185300,182800,183100,257074
035420,1748185200000,183100,188000,181800,188000,472314
035420,1748271600000,186200,186900,183000,183800,668670
035420,1748358000000,184600,189000,184100,187700,727369
035420,1748444400000,189300,190600,187700,189300,649059
035420,1748530800000,188700,188800,186100,187500,989028
035420,1748790000000,185800,188300,185700,186500,408085
035420,1748962800000,189000,189100,185500,185500,817069
035420,1749049200000,186300,192000,186300,191200,911249
035420,1749394800000,195400,202500,192300,198500,1407038
035420,1749481200000,204000,204000,196800,200000,911907
035420,1749567600000,200500,202000,198900,201000,512085
035420,1749654000000,199500,201500,198900,198900,624703
035420,1749740400000,203500,206000,197400,200500,1050533
035420,1749999600000,211000,211500,202000,209500,1159906
035420,1750086000000,212000,213000,204000,206500,837169
035420,1750172400000,204500,244500,204000,243500,5706879
035420,1750258800000,254500,259000,248500,252000,3810468
035420,1750345200000,249000,269500,245000,269500,4889308
035420,1750604400000,276500,295000,270000,290000,5050411
035420,1750690800000,288500,292500,277500,290500,4326501
035420,1750777200000,282500,286500,276000,283500,2862461
035420,1750863600000,270000,275000,254000,261000,4314779
035420,1750950000000,263500,265000,252000,257500,2316733
035420,1751209200000,257000,268000,255500,262500,2219752
035420,1751295600000,264000,269000,260000,262000,1791173
035420,1751382000000,263000,263500,250000,252000,1870730
035420,1751468400000,250500,260000,249500,253000,1207730
035420,1751554800000,252500,254500,247500,249000,874760
035420,1751814000000,248500,260500,248500,256000,1175356
035420,1751900400000,261500,263000,255000,258000,903743
035420,1751986800000,258500,258500,251000,254000,952460
035420,1752073200000,255500,265000,251000,259500,1754234
035420,1752159600000,261000,261500,253000,253000,1249355
035420,1752418800000,252000,252500,244000,249000,1205192
035420,1752505200000,247500,253000,247000,249500,791762
035420,1752591600000,251000,255500,249000,250000,785410
035420,1752678000000,254000,255000,242500,243500,1262077
035420,1752764400000,243500,245000,240000,242000,703602
035420,1753023600000,241500,245500,240000,240000,674282
035420,1753110000000,241500,242000,234500,235000,930384
035420,1753196400000,236000,237500,229500,231500,719824
035420,1753282800000,233000,234500,225000,227000,1177878
035420,1753369200000,226500,236000,225000,234500,1202489
035420,1753628400000,236000,237000,232000,235500,600063
035420,1753714800000,235500,240000,232000,233000,928345
035420,1753801200000,233500,240000,233500,234000,768748
035420,1753887600000,235000,236500,232500,235000,521064
035420,1753974000000,232500,233000,224000,225000,827729
035420,1754233200000,225500,239500,225000,232500,1276649
035420,1754319600000,236000,236500,229000,232000,683813
035420,1754406000000,236500,236500,226000,228500,1076418
035420,1754492400000,230000,235500,228000,235500,1019496
035420,1754578800000,241000,241500,228500,229500,1638049
035420,1754838000000,229500,230000,222500,223000,1264837
035420,1754924400000,223500,228000,223000,223000,743541
035420,1755010800000,225500,226000,221500,225000,1017399
035420,1755097200000,228500,233500,224000,224500,1165222
035420,1755442800000,224500,228500,223500,226000,479724
035420,1755529200000,228000,228500,223000,225500,419214
035420,1755615600000,221500,224000,219500,221500,507825
035420,1755702000000,222000,226500,222000,223000,463923
035420,1755788400000,224000,227000,221000,222000,543978
035420,1756047600000,224500,225500,221500,225500,564999
035420,1756134000000,224000,224500,221000,221000,685341
035420,1756220400000,222000,222000,216500,218000,691579
035420,1756306800000,217500,218500,215000,217500,663919
035420,1756393200000,217500,218000,214000,214500,750586
035420,1756652400000,211500,216500,210500,215500,634984
035420,1756738800000,216000,229000,216000,225000,1790972
035420,1756825200000,224500,225000,220000,221000,711207
035420,1756911600000,221500,229500,221500,227000,971838
035420,1756998000000,227500,230500,225500,229000,941824
035420,1757257200000,228500,229500,226000,228000,716688
035420,1757343600000,228500,233000,226000,231000,929473
035420,1757430000000,232000,234500,230500,233500,915806
035420,1757516400000,234500,236000,231500,233000,808213
035420,1757602800000,234500,239000,232500,236000,1191699
035420,1757862000000,236000,236000,231500,234000,710904
035420,1757948400000,239500,241000,234500,235000,923864
035420,1758034800000,233500,235000,229500,233500,2083776
035420,1758121200000,235000,238500,233500,238500,1004507
035420,1758207600000,239000,240000,233500,234000,1585243
035420,1758466800000,234000,235000,229000,232000,1004689
035420,1758553200000,232000,235500,230000,231000,735957
035420,1758639600000,231000,233500,224500,228000,982181
035420,1758726000000,226500,257000,225500,254000,8314576
035420,1758812400000,251500,262000,250000,256500,4597910
035420,1759071600000,268500,278500,266000,274500,3486022
035420,1759158000000,279000,279500,265500,268500,2764865
035420,1759244400000,267000,268500,253000,254500,3385774
035420,1759330800000,255500,258000,250500,253000,2205648
035420,1760022000000,256500,275000,255500,267500,3490894
035420,1760281200000,258000,266500,258000,262500,1454859
035420,1760367600000,262000,270500,257000,258000,2072061
035420,1760454000000,260500,261000,255000,258500,1438737
035420,1760540400000,257500,270000,255500,260500,2154638
035420,1760626800000,260000,260500,254000,255500,1478832
035420,1760886000000,255000,262500,250000,258000,1527621
035420,1760972400000,260000,260500,254000,254500,1321294
035420,1761058800000,254000,256500,247000,255500,1076507
035420,1761145200000,251500,251500,242000,242500,2033710
035420,1761231600000,245000,248500,242500,247000,1005395
035420,1761490800000,245000,251500,242000,251000,1317125
035420,1761577200000,250500,255000,248000,253000,908952
035420,1761663600000,255000,268500,253500,265000,2466385
035420,1761750000000,267000,267000,254500,255500,1393179
035420,1761836400000,263000,273500,261000,267500,2861914
035420,1762095600000,283500,287500,271500,274500,2760215
035420,1762182000000,272500,274000,267000,267000,1325780
035420,1762268400000,269000,280000,256500,278500,3470467
035420,1762354800000,281500,282000,264000,264000,2287056
035420,1762441200000,256000,267000,256000,260000,1648859
035420,1762700400000,263500,264000,258000,260000,974635
035420,1762786800000,261500,270500,261000,263000,1341337
035420,1762873200000,265500,265500,262000,263500,600486
035420,1762959600000,262500,266000,258500,265500,724253
035420,1763046000000,258000,260000,253000,253500,923411
035420,1763305200000,256500,257000,254000,255000,507818
035420,1763391600000,251500,260500,248500,249000,959645
035420,1763478000000,250500,251000,243000,248500,570754
035420,1763564400000,260000,263000,254500,257000,970537
035420,1763650800000,251000,265000,249500,262500,1278706
035420,1763910000000,267500,269500,259000,261000,1673646
035420,1763996400000,262500,262500,250500,253000,1218659
035420,1764082800000,255000,264500,252000,263500,944519
035420,1764169200000,259500,261500,250500,251500,2028550
035420,1764255600000,253500,254000,243500,244000,1580887
035420,1764514800000,246500,247500,242500,243000,666662
035420,1764601200000,243000,245000,241500,243000,618439
035420,1764687600000,246500,248500,245500,246500,630018
035420,1764774000000,245500,248500,244500,247000,487370
035420,1764860400000,247500,250000,246000,249500,575298
035420,1765119600000,250500,250500,247000,249000,466382
035420,1765206000000,248000,248500,246000,248000,497708
035420,1765292400000,248000,248000,244000,244500,654772
035420,1765378800000,245500,246000,241000,243500,1056918
035420,1765465200000,243000,245000,241500,244500,485052
035420,1765724400000,241500,244000,240000,240500,522965
035420,1765810800000,240500,240500,231000,231500,1520556
035420,1765897200000,233000,233000,229500,231000,769339
035420,1765983600000,227500,233250,226500,230500,744015
035420,1766070000000,232500,235500,231500,235500,1487738
035420,1766329200000,238500,239000,236500,238000,610805
035420,1766415600000,238000,238500,235500,237000,689469
035420,1766502000000,237000,238000,234500,236500,640875
035420,1766674800000,236500,237500,231000,231500,738058
035420,1766934000000,231500,242500,231500,242000,1067392
035420,1767020400000,241000,244500,239000,242500,652269
035420,1767279600000,243500,249000,238000,247000,1362199
035420,1767538800000,248500,251000,247000,249500,1011640
035420,1767625200000,249500,262500,248000,260000,2462129
035420,1767711600000,258000,258000,246500,252500,1886634
035420,1767798000000,249500,258000,245000,251000,1311262
035420,1767884400000,253000,256500,250500,254000,918991
035420,1768143600000,256000,258500,249000,255500,1328415
035420,1768230000000,259000,264500,256500,264500,1671879
035420,1768316400000,268000,270000,255500,259500,1574617
035420,1768402800000,257000,263500,244000,247500,2397110
035420,1768489200000,248500,248500,243500,245500,1898586
035420,1768748400000,242000,243500,237500,238000,1689244
035420,1768834800000,241500,244500,240500,244000,1205903
035420,1768921200000,239500,242500,238000,238500,1022540
035420,1769007600000,242000,247500,239500,245500,1341056
035420,1769094000000,248000,269500,246500,266000,5042292
035420,1769353200000,274000,276500,265000,272500,2706664
035420,1769439600000,270500,292000,270000,281500,4948006
035420,1769526000000,285000,285500,271000,277500,2822531
035420,1769612400000,276000,290500,275000,287000,2812259
035420,1769698800000,285500,285500,274500,275000,1819960
035420,1769958000000,270000,278500,265000,268000,1862631
035420,1770044400000,274500,274500,265000,269000,1894227
035420,1770130800000,266000,267000,260000,264500,1700411
035420,1770217200000,262500,264500,255500,257000,1551427
035420,1770303600000,251000,254000,244000,249000,1919017
035420,1770562800000,253500,254500,248000,250000,1426634
035420,1770649200000,254000,259000,252000,254000,1475536
035420,1770735600000,258500,261000,255000,257500,1133876
035420,1770822000000,261500,262000,255500,255500,1404228
035420,1770908400000,254000,257500,250000,252500,820046
035420,1771426800000,254500,255000,252000,253000,806208
035420,1771513200000,254500,260000,254000,254500,948594
035420,1771772400000,257500,262000,255000,255500,747019
035420,1771858800000,256500,256500,254000,255000,652490
035420,1771945200000,255500,256000,251000,253000,937503
035420,1772031600000,258500,267000,258000,260500,1890166
035420,1772118000000,261000,261500,254500,254500,1259511
035420,1772463600000,250500,252000,236000,236000,1507045
035420,1772550000000,225500,231000,207500,208000,2051989
035420,1772636400000,224000,227500,218000,220000,1671549
035420,1772722800000,216000,225500,216000,222500,1042652
035420,1772982000000,209500,218500,207000,218500,940462
035420,1773068400000,226500,227000,218000,220500,935756
035420,1773154800000,227000,230000,221000,222000,757145
035420,1773241200000,223500,225500,220500,222000,700973
035420,1773327600000,216500,224000,216000,223000,706127
035420,1773586800000,222000,222500,216000,218000,531797
035420,1773673200000,221500,227500,220500,224000,614390
035420,1773759600000,228500,228500,225000,226500,687521
035420,1773846000000,221500,222500,220000,220500,474188
035420,1773932400000,222000,224500,220000,221500,673277
035420,1774191600000,215500,215500,208500,209000,692498
035420,1774278000000,215500,217000,209000,213500,468548
035420,1774364400000,216500,218000,214000,215500,465850
035420,1774450800000,216500,218500,211000,211500,414907
035420,1774537200000,208000,213000,206000,212500,439328
035420,1774796400000,205500,208500,204000,207000,379513
035420,1774882800000,202500,205500,200000,201500,890860
035420,1774969200000,208500,212000,205500,210000,575814
035420,1775055600000,211500,212000,194600,195800,1464904
035420,1775142000000,198900,200000,196600,197500,659137
035420,1775401200000,197100,199400,194200,196800,717180
035420,1775487600000,197200,202000,195100,195900,668729
035420,1775574000000,202500,204000,200000,201500,699966
035420,1775660400000,200000,206500,198600,201500,1258361
035420,1775746800000,202500,205000,201000,202000,525142
035420,1776006000000,197700,199500,196800,199000,514728
035420,1776092400000,203500,206500,201000,201500,623470
035420,1776178800000,206000,214500,205000,211000,992297
035420,1776265200000,219500,220000,216500,218500,752603
035420,1776351600000,218500,219000,214500,216500,1121630
035420,1776610800000,216000,217500,212500,213500,457862
035420,1776697200000,215000,215500,211500,214000,545889
035420,1776783600000,215000,216000,212500,214000,364648
035420,1776870000000,220500,221000,213000,217500,800536
035420,1776956400000,216000,216500,213000,214000,476096
035420,1777215600000,216000,218500,215000,215000,458738
035420,1777302000000,215500,223500,215000,219500,758420
035420,1777388400000,223000,227500,219000,220000,673160
035420,1777474800000,223000,223000,210500,211000,1387029
035420,1777820400000,213500,213500,208000,209000,875803
035420,1777993200000,210500,213000,207500,208000,839509
035420,1778079600000,209000,214000,206000,207500,1014658
035420,1778166000000,210000,219000,209000,215000,1542717
035420,1778425200000,215500,216000,210000,211500,780013
035420,1778511600000,213000,213000,200500,204000,991427
035420,1778598000000,206000,206500,198600,201500,904464
035420,1778684400000,204000,216000,203500,213000,1601442
035420,1778770800000,215000,216500,201000,203500,997805
035420,1779030000000,203000,203500,196700,200000,890762
035420,1779116400000,200500,206250,195100,198100,950434
035420,1779202800000,198100,200000,190800,191500,992090
035420,1779289200000,194600,202000,194600,199500,869601
035420,1779375600000,201500,207000,199300,203000,751620
035420,1779721200000,205500,207000,199900,200000,580181
035420,1779807600000,199800,202000,197300,198800,912403
035420,1779894000000,202000,213000,195800,205000,1978430
035420,1779980400000,211500,247500,211000,234000,7569228
035420,1780239600000,251000,304000,244500,271500,14505895
035420,1780326000000,285000,289500,244000,280500,9275907
035420,1780498800000,267500,275000,255000,267500,3324373
035420,1780585200000,254500,266500,245000,255500,3143220
035420,1780844400000,239500,294000,238500,279000,10148390
035420,1780930800000,286000,288500,243000,257000,6918079
035420,1781017200000,245000,253500,222000,227000,3562725
035420,1781103600000,218500,228500,218500,224000,2218764
035420,1781190000000,232000,263000,231000,247000,5215884
035420,1781449200000,256000,257500,245500,248000,2001006
035420,1781535600000,255000,265500,239500,242000,2480043
035420,1781622000000,239500,247500,234500,243500,1156913
035420,1781708400000,241000,241000,234000,235000,1322859
035420,1781794800000,236500,245500,224000,229500,2109401
035420,1782054000000,230000,231000,225500,227000,111128
012330,1696345200000,232000,234500,227000,233000,230281
012330,1696431600000,233500,236000,231000,232000,133795
012330,1696518000000,231500,232500,230000,232000,104000
012330,1696863600000,236000,237000,230500,232500,144617
012330,1696950000000,232500,236500,232500,233000,148328
012330,1697036400000,234500,235000,231000,234000,157562
012330,1697122800000,230500,234000,230000,232500,72554
012330,1697382000000,232000,234000,227500,228500,115520
012330,1697468400000,229500,230000,223500,224000,172979
012330,1697554800000,226000,228500,223500,227500,130743
012330,1697641200000,224000,227500,224000,225000,109143
012330,1697727600000,223500,224500,217500,218000,157434
012330,1697986800000,220000,222000,217500,218000,87895
012330,1698073200000,219500,219500,212000,217500,124597
012330,1698159600000,218500,223000,218000,221000,120687
012330,1698246000000,222000,222000,215500,216000,187926
012330,1698332400000,219500,225000,218500,220000,195233
012330,1698591600000,220000,221500,210000,211500,214875
012330,1698678000000,213500,216000,207500,208500,178889
012330,1698764400000,210000,214500,209500,212500,164290
012330,1698850800000,217000,223000,216500,218500,211056
012330,1698937200000,222000,222500,215500,218000,120898
012330,1699196400000,220000,228000,218500,228000,190927
012330,1699282800000,225500,226000,220500,224000,172965
012330,1699369200000,227000,227500,221500,222500,105091
012330,1699455600000,225500,227000,222500,224000,134909
012330,1699542000000,222000,224000,220500,223000,51705
012330,1699801200000,224000,224500,220500,221500,59259
012330,1699887600000,224000,224500,222500,222500,90909
012330,1699974000000,227500,229500,226000,228000,171564
012330,1700060400000,228000,232000,227000,230500,113899
012330,1700146800000,231000,231000,226000,229500,76943
012330,1700406000000,226000,228500,223000,225500,160966
012330,1700492400000,228000,232000,226500,231500,103110
012330,1700578800000,227500,231000,227000,229500,80745
012330,1700665200000,229500,234500,229500,233000,85826
012330,1700751600000,232000,234000,230500,232500,40335
012330,1701010800000,233500,233500,230000,232000,57610
012330,1701097200000,234000,234000,230500,233500,102930
012330,1701183600000,231500,233500,229500,230500,102655
012330,1701270000000,227500,232000,226500,229000,242068
012330,1701356400000,227000,228500,226000,227000,106387
012330,1701615600000,229000,229000,225500,225500,79364
012330,1701702000000,225500,226500,224000,225000,66315
012330,1701788400000,225000,227500,223500,223500,91993
012330,1701874800000,223000,226000,220500,224500,137154
012330,1701961200000,226000,227500,224500,226500,88701
012330,1702220400000,228000,228000,225000,227000,81874
012330,1702306800000,228500,229500,226500,227500,137220
012330,1702393200000,228000,230000,226500,227000,127328
012330,1702479600000,229000,229000,220000,221000,387973
012330,1702566000000,222500,226500,222000,224500,266470
012330,1702825200000,223000,225000,222000,224000,96024
012330,1702911600000,222500,225000,221500,223500,99285
012330,1702998000000,224500,229500,224500,229000,188130
012330,1703084400000,227500,233500,227000,230500,130410
012330,1703170800000,231000,232000,230000,231000,81481
012330,1703516400000,233000,233000,228000,230500,95309
012330,1703602800000,228500,230500,228000,230000,74888
012330,1703689200000,231000,237000,230000,237000,155608
012330,1704121200000,235000,238000,233500,236000,98770
012330,1704207600000,234000,234500,227500,227500,122990
012330,1704294000000,226000,226500,220500,222500,174122
012330,1704380400000,221500,222500,220000,221500,111781
012330,1704639600000,222500,223500,218500,218500,89481
012330,1704726000000,220500,221000,216500,216500,220245
012330,1704812400000,216000,219000,216000,217000,83831
012330,1704898800000,218000,218500,216000,216000,123793
012330,1704985200000,216000,216000,213000,214500,123785
012330,1705244400000,215000,217500,214500,216500,84744
012330,1705330800000,214500,216000,211000,213000,119474
012330,1705417200000,212500,213000,205000,205500,208667
012330,1705503600000,205000,206500,199900,200000,295022
012330,1705590000000,202000,203000,198000,199600,207560
012330,1705849200000,200000,201000,198300,199000,113921
012330,1705935600000,200500,205000,199700,205000,124301
012330,1706022000000,204000,205500,200500,204500,126294
012330,1706108400000,204000,210000,201500,209500,161730
012330,1706194800000,210000,210500,204000,204000,232475
012330,1706454000000,203000,204500,201500,202500,377103
012330,1706540400000,205500,211000,205500,206500,321357
012330,1706626800000,206500,211000,206000,210000,200335
012330,1706713200000,208000,222500,208000,219500,598932
012330,1706799600000,222000,232500,220000,232000,644138
012330,1707058800000,237000,237500,224000,231500,526386
012330,1707145200000,229000,231000,219000,219500,428854
012330,1707231600000,222500,233500,222500,229000,355065
012330,1707318000000,230000,232000,226500,230500,289854
012330,1707750000000,233000,238000,232000,233500,316471
012330,1707836400000,229500,231000,227500,228500,187972
012330,1707922800000,232000,232500,226000,227000,165496
012330,1708009200000,230000,230500,225000,230500,245685
012330,1708268400000,234500,244500,234500,244000,517969
012330,1708354800000,244000,246000,236500,240000,316708
012330,1708441200000,242500,242500,234500,240500,187271
012330,1708527600000,241000,246000,237500,244500,191554
012330,1708614000000,243000,250000,242500,247000,312190
012330,1708873200000,247000,247000,235500,241000,210199
012330,1708959600000,234500,238000,233000,233500,282830
012330,1709046000000,232500,243000,230000,242000,282388
012330,1709132400000,239500,248000,238000,242500,386359
012330,1709478000000,244500,253000,244000,252000,343794
012330,1709564400000,252000,257000,250500,253000,276135
012330,1709650800000,249500,255500,248000,254000,303063
012330,1709737200000,255500,258000,251500,253000,221468
012330,1709823600000,256500,257500,252000,253000,204348
012330,1710082800000,251500,255000,249000,250000,163621
012330,1710169200000,250500,251000,246500,250500,232180
012330,1710255600000,252500,254500,249000,253500,180760
012330,1710342000000,252000,268000,251500,265000,640155
012330,1710428400000,265000,269000,263500,269000,587592
012330,1710687600000,269500,270000,265500,268000,202563
012330,1710774000000,265000,265500,253500,253500,392572
012330,1710860400000,257500,259000,249000,253000,376506
012330,1710946800000,257000,267000,256500,266000,321963
012330,1711033200000,264500,267000,260000,262000,300132
012330,1711292400000,259500,264000,257000,258000,183402
012330,1711378800000,259000,267000,257000,264500,278347
012330,1711465200000,260000,266000,260000,264500,160180
012330,1711551600000,263000,264500,258000,261500,199500
012330,1711638000000,261500,262500,254500,255000,148181
012330,1711897200000,257500,259000,249000,251000,201785
012330,1711983600000,248000,251000,245000,247500,193887
012330,1712070000000,246500,249500,238500,240500,263093
012330,1712156400000,243500,245500,238500,244000,158989
012330,1712242800000,240000,245000,239000,242500,129340
012330,1712502000000,240500,247500,240500,243000,146813
012330,1712588400000,247500,251500,243000,243000,130378
012330,1712761200000,234500,253500,234000,251000,290007
012330,1712847600000,246000,248500,240500,240500,199565
012330,1713106800000,239500,243000,236000,242500,120501
012330,1713193200000,239500,240500,234000,238000,187172
012330,1713279600000,239000,239000,233000,234500,132408
012330,1713366000000,239000,240000,233000,235000,175371
012330,1713452400000,231000,235000,229000,234500,181634
012330,1713711600000,239000,239500,235000,239000,155158
012330,1713798000000,238000,243000,236500,238500,134543
012330,1713884400000,240000,244500,237500,243500,131348
012330,1713970800000,241500,248500,241000,244000,158635
012330,1714057200000,245500,247000,239500,240500,147522
012330,1714316400000,239500,242500,229000,229500,455640
012330,1714402800000,230500,232500,228000,228500,260074
012330,1714575600000,226000,228000,225000,226000,207204
012330,1714662000000,227500,229000,226000,226000,147544
012330,1715007600000,228500,229500,227500,228500,178015
012330,1715094000000,228500,232500,228500,232000,168185
012330,1715180400000,232000,232000,225000,226000,235106
012330,1715266800000,228000,228000,226000,227000,111031
012330,1715526000000,227000,230000,225500,227000,141987
012330,1715612400000,226000,227000,224000,224500,167796
012330,1715785200000,227000,229000,226000,227000,168980
012330,1715871600000,228000,228500,226500,227000,100694
012330,1716130800000,226500,230000,226000,227500,144822
012330,1716217200000,225500,226500,223000,223500,166506
012330,1716303600000,222500,231500,221500,230000,203632
012330,1716390000000,227500,230500,227000,227500,161706
012330,1716476400000,224500,225500,221000,221500,182786
012330,1716735600000,221500,223500,220000,221000,167702
012330,1716822000000,220500,221500,218000,219000,176418
012330,1716908400000,217500,219000,213500,217500,266959
012330,1716994800000,214500,216000,212000,215000,202252
012330,1717081200000,217500,218000,213500,214500,291527
012330,1717340400000,216000,222000,216000,220000,224992
012330,1717426800000,220000,222000,218500,220000,202441
012330,1717513200000,220500,224000,219000,222000,246551
012330,1717686000000,224000,227000,222000,223000,206377
012330,1717945200000,221000,224500,219000,221500,182446
012330,1718031600000,221000,223000,218000,219000,233642
012330,1718118000000,219000,221000,218500,221000,105623
012330,1718204400000,222500,225000,221000,221500,374303
012330,1718290800000,220500,253500,220000,238000,1763305
012330,1718550000000,238000,242500,232500,235000,393848
012330,1718636400000,237000,240500,233500,235500,323533
012330,1718722800000,235000,246500,234000,242000,402946
012330,1718809200000,238500,241500,236500,238500,208360
012330,1718895600000,239500,239500,233000,237500,251784
012330,1719154800000,235500,241500,234000,238000,167704
012330,1719241200000,240500,253000,239500,250500,532626
012330,1719327600000,247000,253500,247000,252500,267317
012330,1719414000000,249000,254500,248000,250500,261650
012330,1719500400000,252500,257500,248500,251500,286548
012330,1719759600000,250000,252500,243500,247500,168879
012330,1719846000000,244000,245500,235000,235500,336255
012330,1719932400000,237500,240500,236500,238500,163749
012330,1720018800000,240000,243000,238000,241000,111039
012330,1720105200000,241000,244500,239000,242000,181925
012330,1720364400000,240500,241000,235500,237500,166934
012330,1720450800000,238000,238000,230500,233500,246272
012330,1720537200000,232500,235500,232000,233500,105724
012330,1720623600000,235500,236500,233500,235500,158774
012330,1720710000000,234000,235000,231500,234500,109546
012330,1720969200000,235500,236500,231500,232000,88471
012330,1721055600000,233000,233500,230500,231000,118210
012330,1721142000000,231500,232000,227000,229000,153396
012330,1721228400000,229000,229000,222000,224000,178580
012330,1721314800000,223000,224000,221000,223500,145318
012330,1721574000000,223500,223500,220000,221500,93950
012330,1721660400000,223500,227500,222500,222500,128614
012330,1721746800000,222500,227000,220500,224500,144068
012330,1721833200000,223000,227500,223000,225500,211847
012330,1721919600000,227500,230500,221000,225500,313091
012330,1722178800000,226000,230500,225500,228000,192060
012330,1722265200000,225500,227500,222000,222000,147006
012330,1722351600000,222500,224000,219500,220500,240062
012330,1722438000000,220500,222500,219500,219500,156454
012330,1722524400000,218000,219500,216500,217500,158538
012330,1722783600000,215000,215500,200500,204000,316073
012330,1722870000000,211500,216500,209500,213000,228803
012330,1722956400000,208500,213500,207000,212000,153684
012330,1723042800000,210000,214000,207500,214000,206961
012330,1723129200000,215500,217000,212000,212500,157882
012330,1723388400000,213500,220000,212500,218500,148949
012330,1723474800000,216500,220000,216500,216500,111010
012330,1723561200000,218000,219000,216000,218000,97843
012330,1723734000000,220000,224500,220000,220000,154796
012330,1723993200000,220500,222500,219500,220500,101032
012330,1724079600000,222500,223500,219000,219000,100000
012330,1724166000000,220500,222000,219000,220000,85086
012330,1724252400000,220500,221000,218500,219000,102571
012330,1724338800000,219000,221500,218500,219500,134548
012330,1724598000000,220500,222500,218500,221500,85447
012330,1724684400000,222500,223000,219000,222000,86857
012330,1724770800000,221000,226000,219500,224000,161114
012330,1724857200000,226500,227500,219500,219500,201534
012330,1724943600000,221500,223000,217500,217500,353464
012330,1725202800000,218000,220000,211500,214000,162284
012330,1725289200000,214500,215500,210500,211000,189400
012330,1725375600000,209500,210500,207000,207000,217407
012330,1725462000000,207500,213000,207500,211500,132903
012330,1725548400000,213000,218500,212000,214000,191717
012330,1725807600000,210500,215000,210500,212500,85628
012330,1725894000000,211500,212500,208000,211500,144653
012330,1725980400000,211500,212500,207000,208500,101821
012330,1726066800000,209500,213500,209000,213500,257747
012330,1726153200000,215500,224500,214500,223500,267522
012330,1726671600000,228500,228500,222000,223000,186572
012330,1726758000000,225000,226500,222000,223500,214301
012330,1727017200000,225500,226000,219000,223500,88398
012330,1727103600000,224500,226000,221500,225500,111101
012330,1727190000000,227500,228500,222000,223000,151212
012330,1727276400000,222500,227000,220500,227000,171774
012330,1727362800000,226000,226500,221500,221500,129908
012330,1727622000000,222500,224000,217500,217500,140514
012330,1727794800000,214500,217000,212000,214500,128535
012330,1727967600000,217000,219500,213000,217000,128571
012330,1728226800000,217500,219000,214500,216000,93395
012330,1728313200000,214500,218000,213500,217000,113840
012330,1728486000000,227500,227500,221000,221500,204692
012330,1728572400000,225000,226500,222500,224500,145064
012330,1728831600000,223500,225000,220500,223500,91463
012330,1728918000000,224000,226500,222000,224000,120670
012330,1729004400000,223000,242500,223000,241500,624192
012330,1729090800000,240000,243500,237500,242000,395985
012330,1729177200000,244000,246000,241500,244500,218631
012330,1729436400000,245500,247000,240500,244000,142405
012330,1729522800000,241000,249500,240000,247500,271792
012330,1729609200000,249000,250000,246000,246500,146519
012330,1729695600000,247500,252000,245000,250000,330967
012330,1729782000000,249500,267000,248000,256500,823915
012330,1730041200000,258500,261000,249000,253000,253856
012330,1730127600000,250500,251000,243000,247500,246769
012330,1730214000000,247500,250500,243500,248500,180057
012330,1730300400000,246000,249500,242000,249500,231029
012330,1730386800000,248500,252500,245000,248500,164016
012330,1730646000000,248500,248500,243000,248500,140918
012330,1730732400000,246500,248000,241500,245500,161446
012330,1730818800000,246000,247500,241000,242500,128055
012330,1730905200000,239000,242500,235000,239500,200752
012330,1730991600000,244000,246500,241000,244500,146578
012330,1731250800000,242000,258000,242000,254500,284905
012330,1731337200000,254500,263500,254000,255500,365772
012330,1731423600000,255500,257500,251000,253000,213941
012330,1731510000000,255000,260500,251500,255500,340074
012330,1731596400000,259500,260500,249000,251500,195549
012330,1731855600000,250000,261000,249500,258500,241106
012330,1731942000000,258500,261000,249000,250500,360926
012330,1732028400000,251500,260000,246500,255000,300972
012330,1732114800000,257000,260000,254000,254000,184627
012330,1732201200000,256500,257000,251500,254000,114974
012330,1732460400000,256000,256500,246500,246500,394158
012330,1732546800000,247000,249500,243000,249000,149204
012330,1732633200000,245500,250000,243500,246000,151646
012330,1732719600000,244000,247500,240500,245500,104136
012330,1732806000000,246000,246500,237000,239500,151105
012330,1733065200000,244000,251000,241500,245500,134852
012330,1733151600000,250000,250000,240000,242000,180439
012330,1733238000000,238500,239500,234000,238000,180887
012330,1733324400000,236000,238000,232000,236500,167928
012330,1733410800000,238500,242000,235000,237000,161793
012330,1733670000000,239000,244000,235500,243000,280707
012330,1733756400000,246000,252000,243000,248500,191480
012330,1733842800000,246500,250500,243000,249500,124618
012330,1733929200000,248500,250000,244000,246500,277092
012330,1734015600000,247500,249500,242000,244000,266223
012330,1734274800000,244500,245500,236000,237500,170497
012330,1734361200000,237000,239500,235500,239500,175405
012330,1734447600000,241500,252500,241500,252000,191753
012330,1734534000000,248000,256000,247500,250000,251708
012330,1734620400000,247000,250000,244000,244000,498832
012330,1734879600000,245500,245500,241000,244000,130390
012330,1734966000000,244000,246000,239500,243000,131161
012330,1735138800000,242000,244000,239500,242000,94291
012330,1735225200000,240500,243000,234500,236500,186396
012330,1735484400000,236000,240000,235500,236500,72518
012330,1735743600000,238000,253500,237500,249000,256370
012330,1735830000000,245500,251000,245500,246500,110801
012330,1736089200000,245500,248500,238000,244500,146101
012330,1736175600000,244000,251500,244000,249000,160434
012330,1736262000000,247000,254500,245000,251000,168941
012330,1736348400000,251000,261500,250500,253000,241446
012330,1736434800000,251000,259000,251000,257500,215004
012330,1736694000000,255000,257000,250500,254000,163787
012330,1736780400000,252000,253500,248500,253500,136292
012330,1736866800000,254000,258000,250500,253500,186326
012330,1736953200000,254000,254500,249500,252500,184625
012330,1737039600000,250000,253000,247500,252500,170954
012330,1737298800000,252000,252500,243500,244000,127000
012330,1737385200000,245000,252500,245000,250000,151404
012330,1737471600000,252000,254000,248000,253000,180573
012330,1737558000000,253500,257500,251500,252000,289693
012330,1737644400000,259000,265000,259000,263500,569055
012330,1738249200000,266000,268500,259500,263500,288546
012330,1738508400000,258500,261000,253500,257000,273890
012330,1738594800000,264500,264500,252500,252500,185193
012330,1738681200000,252500,254500,248000,251500,198039
012330,1738767600000,251500,254500,249000,251500,195482
012330,1738854000000,248500,250000,245500,247000,172737
012330,1739113200000,244000,249500,243000,246500,191841
012330,1739199600000,247000,252000,245000,248500,173078
012330,1739286000000,249000,249500,241000,242500,123531
012330,1739372400000,244000,247500,243000,243000,243167
012330,1739458800000,247000,252500,247000,249500,161821
012330,1739718000000,250000,250000,243000,245500,155375
012330,1739804400000,245000,249500,245000,248000,150895
012330,1739890800000,246000,258500,245500,255500,191123
012330,1739977200000,252000,255500,249500,255500,159566
012330,1740063600000,260500,269000,254000,254500,243582
012330,1740322800000,254500,257500,252500,256500,99865
012330,1740409200000,254000,259000,254000,255000,122768
012330,1740495600000,254000,258000,251000,256500,135287
012330,1740582000000,256500,260500,255000,260500,157654
012330,1740668400000,257500,260000,245000,245500,283138
012330,1741014000000,248500,256500,246500,250000,149579
012330,1741100400000,252500,254000,245500,251000,156230
012330,1741186800000,253000,259000,252500,257000,122205
012330,1741273200000,257000,259000,255000,256000,104329
012330,1741532400000,255000,261000,255000,258500,113858
012330,1741618800000,251000,253000,245000,248000,226218
012330,1741705200000,245000,248000,240500,248000,173718
012330,1741791600000,248000,256000,247500,256000,219828
012330,1741878000000,253500,256500,250000,255500,216811
012330,1742137200000,255000,259500,254000,259500,159986
012330,1742223600000,259500,265500,258500,264000,222834
012330,1742310000000,264000,272000,263500,270000,342647
012330,1742396400000,269500,275000,269500,270500,330007
012330,1742482800000,266500,272000,263500,266500,259174
012330,1742742000000,268500,281000,266500,279500,377410
012330,1742828400000,288000,289000,279500,281500,358202
012330,1742914800000,285000,286000,281500,285500,189924
012330,1743001200000,276500,283000,274000,279500,330838
012330,1743087600000,276000,276500,264500,267500,212911
012330,1743346800000,264000,265500,258500,260500,179462
012330,1743433200000,262500,264000,258000,261500,164973
012330,1743519600000,260500,268500,258500,265000,144936
012330,1743606000000,253500,260000,252500,260000,243145
012330,1743692400000,258500,263000,255500,259000,154827
012330,1743951600000,248500,251500,243000,248500,170953
012330,1744038000000,250500,251000,235500,236500,236443
012330,1744124400000,237500,239500,233500,235000,154384
012330,1744210800000,247500,249000,241500,243500,192769
012330,1744297200000,238500,239500,233000,234500,195165
012330,1744556400000,233500,237000,232000,235000,131869
012330,1744642800000,246000,249000,240500,241500,192501
012330,1744729200000,241500,243000,238500,239500,82988
012330,1744815600000,238000,241500,235000,238500,103479
012330,1744902000000,239000,245500,237500,243500,98734
012330,1745161200000,244000,247000,241500,244000,100447
012330,1745247600000,244000,245000,240000,241000,119924
012330,1745334000000,244500,253500,243000,252000,171554
012330,1745420400000,252000,254500,249000,252500,142931
012330,1745506800000,255500,258000,247000,250000,161180
012330,1745766000000,248500,252000,248500,251000,100735
012330,1745852400000,254500,259000,253000,256500,172236
012330,1745938800000,259000,267500,255000,267500,190763
012330,1746111600000,265000,266000,256000,256500,138585
012330,1746543600000,257000,258500,252000,258000,158435
012330,1746630000000,256000,260000,256000,259000,126993
012330,1746716400000,260500,262000,254500,255500,100524
012330,1746975600000,255500,261000,253000,261000,114403
012330,1747062000000,258500,262500,256500,257000,204302
012330,1747148400000,258000,260500,255500,258000,100296
012330,1747234800000,255000,258500,254000,255000,77969
012330,1747321200000,254500,256000,250000,255000,91545
012330,1747580400000,252500,253500,247000,249500,89127
012330,1747666800000,250000,252000,246500,248000,102238
012330,1747753200000,248000,249000,246500,247500,85462
012330,1747839600000,247000,248000,242500,246000,114299
012330,1747926000000,245500,247000,241000,242000,103469
012330,1748185200000,243000,245000,240000,244000,146391
012330,1748271600000,242000,246000,240000,243000,146086
012330,1748358000000,242500,256500,242500,254000,275785
012330,1748444400000,255000,265000,255000,263000,299714
012330,1748530800000,259500,260500,252000,253000,253174
012330,1748790000000,250500,253000,245000,246500,141969
012330,1748962800000,249500,252000,247500,250000,229704
012330,1749049200000,249000,257500,249000,254000,178381
012330,1749394800000,266500,285000,257500,279500,537125
012330,1749481200000,281500,282500,274000,275000,254661
012330,1749567600000,280000,290000,279000,288500,395396
012330,1749654000000,284500,290500,282500,284500,328418
012330,1749740400000,284500,288500,278500,282000,283397
012330,1749999600000,286500,288000,278500,285500,198580
012330,1750086000000,286500,291000,283000,286000,227695
012330,1750172400000,282500,302000,277500,299500,542226
012330,1750258800000,297000,299000,290500,293000,232025
012330,1750345200000,295000,296500,289500,291500,274485
012330,1750604400000,285000,285500,278000,280500,238590
012330,1750690800000,286500,289500,282750,285000,191281
012330,1750777200000,285500,298500,285500,297500,397717
012330,1750863600000,294500,297500,290500,294500,203323
012330,1750950000000,292000,292000,285500,289500,138407
012330,1751209200000,291000,292000,284500,287000,150016
012330,1751295600000,287500,296500,287500,288000,230402
012330,1751382000000,285000,300000,284500,297000,329310
012330,1751468400000,298500,303000,295000,299500,244228
012330,1751554800000,300500,305000,294500,295500,146856
012330,1751814000000,291000,296500,288000,294500,149244
012330,1751900400000,294000,309500,293000,305000,357902
012330,1751986800000,304500,310500,300500,309500,323611
012330,1752073200000,313500,318000,305500,313500,253511
012330,1752159600000,311500,312000,304000,306500,186798
012330,1752418800000,304500,316000,304500,314500,196909
012330,1752505200000,311500,312000,304000,306500,212226
012330,1752591600000,309500,312000,305000,305500,126689
012330,1752678000000,306500,310000,302500,307500,157347
012330,1752764400000,306500,309500,299000,303000,159995
012330,1753023600000,301000,306000,296500,299000,167353
012330,1753110000000,296500,301500,291000,293000,156817
012330,1753196400000,298500,304500,297500,299000,315829
012330,1753282800000,299500,307000,293500,296000,157675
012330,1753369200000,292500,306500,289000,297500,181789
012330,1753628400000,300000,303000,292500,300500,182968
012330,1753714800000,297500,300500,295000,297500,155692
012330,1753801200000,296500,308500,296500,306500,207698
012330,1753887600000,311000,312500,285500,294500,353101
012330,1753974000000,289500,292000,281500,283500,226073
012330,1754233200000,281000,287000,279000,285000,103176
012330,1754319600000,286500,290000,282000,286000,134961
012330,1754406000000,283500,289000,283000,286000,146201
012330,1754492400000,289000,296000,288500,295000,174355
012330,1754578800000,293500,296000,289500,296000,126782
012330,1754838000000,296500,298000,292000,293500,91433
012330,1754924400000,292500,299500,292500,295500,185221
012330,1755010800000,296500,300500,295000,299000,136786
012330,1755097200000,301000,304000,295500,296500,125528
012330,1755442800000,294000,296000,290000,292000,93609
012330,1755529200000,296000,302000,292000,302000,150346
012330,1755615600000,303000,303000,296000,301500,130049
012330,1755702000000,301500,304000,297500,297500,82366
012330,1755788400000,298000,304000,297500,299500,78081
012330,1756047600000,300000,300000,293000,299000,152610
012330,1756134000000,297000,302500,296000,299500,222025
012330,1756220400000,302000,304000,299000,302500,133201
012330,1756306800000,304500,310000,301500,302500,199023
012330,1756393200000,308000,322500,306000,318500,552076
012330,1756652400000,320000,326000,317500,321500,268038
012330,1756738800000,321500,324000,319500,323500,176539
012330,1756825200000,322500,326000,318000,324500,145348
012330,1756911600000,321500,325500,317500,320500,210607
012330,1756998000000,318500,323500,318500,323000,149648
012330,1757257200000,323500,324000,318000,323000,185042
012330,1757343600000,324000,327000,312000,315500,212611
012330,1757430000000,313500,325500,313500,319000,216004
012330,1757516400000,319000,324500,314000,316000,275234
012330,1757602800000,318000,321000,311000,313500,197547
012330,1757862000000,310500,313000,306500,309500,145731
012330,1757948400000,308500,310000,304500,309000,150505
012330,1758034800000,310500,313000,308500,311000,103522
012330,1758121200000,310000,317000,307500,317000,167612
012330,1758207600000,313500,314000,303000,308000,383684
012330,1758466800000,308000,312500,307000,312500,130228
012330,1758553200000,309000,312500,308500,312000,92973
012330,1758639600000,312000,313500,308000,308000,81257
012330,1758726000000,307000,308500,300500,301000,247888
012330,1758812400000,299000,300000,292500,295000,231752
012330,1759071600000,297500,297750,294000,296000,175732
012330,1759158000000,295500,300500,295000,298500,164694
012330,1759244400000,298500,299500,293500,295500,130029
012330,1759330800000,297000,301000,295500,297000,241778
012330,1760022000000,308000,308000,296500,298000,236742
012330,1760281200000,299000,299000,288000,289000,238724
012330,1760367600000,286500,300500,285500,299500,217693
012330,1760454000000,300500,302500,297500,300500,162540
012330,1760540400000,307500,312500,303500,309000,234256
012330,1760626800000,306000,310500,304000,308000,130462
012330,1760886000000,310000,312000,303500,308500,124554
012330,1760972400000,309500,317500,306000,308500,276383
012330,1761058800000,311500,315000,305000,314500,148850
012330,1761145200000,309500,313500,305500,306000,143817
012330,1761231600000,308000,309500,303000,307000,164856
012330,1761490800000,305000,309000,304500,305000,166002
012330,1761577200000,305000,305000,300500,304500,177830
012330,1761663600000,306500,307000,301500,306500,148178
012330,1761750000000,320500,321500,304500,307000,313371
012330,1761836400000,308000,322000,306000,316000,400660
012330,1762095600000,313000,314000,297500,299500,534250
012330,1762182000000,299500,301000,294000,296000,200106
012330,1762268400000,295500,295500,283000,288000,311849
012330,1762354800000,292000,297500,290500,294500,216280
012330,1762441200000,294000,295500,287000,290000,127187
012330,1762700400000,293500,302000,292500,300500,181548
012330,1762786800000,299000,302000,297000,298500,163489
012330,1762873200000,297000,300500,295000,300000,175934
012330,1762959600000,297000,301500,296000,300000,167662
012330,1763046000000,298500,303500,296500,298000,156922
012330,1763305200000,298500,298500,292000,294000,132443
012330,1763391600000,291500,296000,288000,288500,100219
012330,1763478000000,293000,297500,289500,295500,149235
012330,1763564400000,295500,299000,294500,296000,141245
012330,1763650800000,296000,297000,290000,296000,135555
012330,1763910000000,298500,299500,293000,293500,200935
012330,1763996400000,296000,297500,291500,293500,104305
012330,1764082800000,298000,299000,295000,298000,132670
012330,1764169200000,297500,307000,297500,304500,229815
012330,1764255600000,304500,315000,302000,309500,273800
012330,1764514800000,307500,310000,302000,303500,158359
012330,1764601200000,307000,317000,305000,317000,290243
012330,1764687600000,314500,322000,312500,319500,211198
012330,1764774000000,325000,351000,322500,347500,822306
012330,1764860400000,347500,364000,345000,362500,621180
012330,1765119600000,370000,371500,354000,362500,372145
012330,1765206000000,359500,369000,351500,359000,343286
012330,1765292400000,359000,372500,352000,362000,303696
012330,1765378800000,370000,374500,360000,360500,378606
012330,1765465200000,362000,383000,360500,377500,374301
012330,1765724400000,368000,374000,364500,364500,371575
012330,1765810800000,366000,370000,354500,357000,316642
012330,1765897200000,357500,365000,354000,362000,221241
012330,1765983600000,354000,363000,349500,352000,186783
012330,1766070000000,355500,372000,347000,366500,474382
012330,1766329200000,367000,367000,358500,363000,175735
012330,1766415600000,363500,376000,360000,363000,218163
012330,1766502000000,365500,376000,362000,365000,167819
012330,1766674800000,369000,369000,356000,358000,135892
012330,1766934000000,353000,370000,351000,366500,231713
012330,1767020400000,363500,375000,363500,373000,200312
012330,1767279600000,374000,385000,365000,369000,230839
012330,1767538800000,371000,382500,367000,372000,239154
012330,1767625200000,380500,390000,363000,366000,614394
012330,1767711600000,368000,403500,367000,392500,983557
012330,1767798000000,404500,404500,390000,391000,470773
012330,1767884400000,399500,402500,382500,399500,517573
012330,1768143600000,418000,418000,389500,394000,585772
012330,1768230000000,402500,468500,402000,451000,1659185
012330,1768316400000,448000,453000,433000,450000,672126
012330,1768402800000,444000,459000,440500,450500,606056
012330,1768489200000,449000,449500,428500,431000,648235
012330,1768748400000,431500,462500,430000,457500,761480
012330,1768834800000,461000,474000,439000,451000,531236
012330,1768921200000,435500,491000,434500,487500,1202269
012330,1769007600000,497000,499500,451500,453500,1272206
012330,1769094000000,447000,466500,444000,457500,637298
012330,1769353200000,460500,476000,456000,465500,523224
012330,1769439600000,441500,467000,439000,460000,529631
012330,1769526000000,466000,468250,446000,447000,586775
012330,1769612400000,450500,460500,446500,457000,677223
012330,1769698800000,450500,456000,443500,449000,389855
012330,1769958000000,440000,455500,432000,436000,404323
012330,1770044400000,435000,447000,429500,444500,361268
012330,1770130800000,447000,455000,442000,448500,287368
012330,1770217200000,436500,447000,426000,433500,326087
012330,1770303600000,417500,426000,406000,426000,365979
012330,1770562800000,437000,438000,428000,435000,244335
012330,1770649200000,446000,448000,434000,437000,219665
012330,1770735600000,438500,447500,434500,446000,312230
012330,1770822000000,443000,446000,436000,446000,314889
012330,1770908400000,440000,445500,434000,435000,274054
012330,1771426800000,437000,445500,433000,440500,297467
012330,1771513200000,441000,446500,439500,443000,223694
012330,1771772400000,447000,455500,441500,445500,277449
012330,1771858800000,446000,453000,441500,453000,297925
012330,1771945200000,457000,475000,452500,469500,712489
012330,1772031600000,488000,531000,481500,529000,908063
012330,1772118000000,507000,531000,492500,517000,1070764
012330,1772463600000,512000,520000,467000,468500,568767
012330,1772550000000,437500,450500,387500,399000,595147
012330,1772636400000,439500,441500,422500,432000,474443
012330,1772722800000,423500,451000,422500,444000,449828
012330,1772982000000,402500,412000,393500,409000,421928
012330,1773068400000,431000,435000,414000,423000,277816
012330,1773154800000,443000,447000,419500,423000,326398
012330,1773241200000,415000,419500,403500,414500,389077
012330,1773327600000,399000,412500,398500,404000,267460
012330,1773586800000,400500,405000,392000,401000,177548
012330,1773673200000,413500,420000,410500,412500,166536
012330,1773759600000,420500,431000,419000,430000,210557
012330,1773846000000,414000,419500,411000,413000,177528
012330,1773932400000,414500,415000,400500,400500,357334
012330,1774191600000,379500,387000,372000,381000,295324
012330,1774278000000,397500,397500,382500,392500,236563
012330,1774364400000,400000,403000,395500,402000,226151
012330,1774450800000,402000,402000,393500,398500,198857
012330,1774537200000,388000,411000,385500,408500,298310
012330,1774796400000,383500,400000,380000,398000,198668
012330,1774882800000,387500,391500,376500,378000,334294
012330,1774969200000,397000,410000,389500,409000,305094
012330,1775055600000,413500,414000,384000,389500,194342
012330,1775142000000,395000,400500,385000,388500,163868
012330,1775401200000,388500,395500,383500,388500,157756
012330,1775487600000,389000,391000,384000,390000,190610
012330,1775574000000,409000,411000,397000,407000,333379
012330,1775660400000,408000,414500,398500,401500,270996
012330,1775746800000,406500,408000,398500,402500,255234
012330,1776006000000,391500,392500,386500,391500,222824
012330,1776092400000,403000,410000,400500,405000,166665
012330,1776178800000,422000,424000,410500,415500,284353
012330,1776265200000,427000,432000,423500,427000,266959
012330,1776351600000,433500,433500,422500,427000,174151
012330,1776610800000,426500,428000,418500,420000,198799
012330,1776697200000,427000,452000,424500,447000,330317
012330,1776783600000,447500,457500,443000,456500,300701
012330,1776870000000,472000,472000,441000,442500,407394
012330,1776956400000,442500,443000,419000,422500,436579
012330,1777215600000,426500,438500,422500,432500,326092
012330,1777302000000,439500,456500,434500,447000,316712
012330,1777388400000,447500,451500,437000,439000,229251
012330,1777474800000,438500,443000,425000,425000,317288
012330,1777820400000,431500,435000,428000,431500,211193
012330,1777993200000,431500,441500,427000,432500,379661
012330,1778079600000,449000,459000,436500,441500,376034
012330,1778166000000,458500,547000,447000,509000,1579602
012330,1778425200000,535000,588000,520000,553000,1085217
012330,1778511600000,595000,607000,525000,548000,1301498
012330,1778598000000,564000,677000,555000,649000,1750264
012330,1778684400000,680000,687000,644000,650000,1177293
012330,1778770800000,671000,685000,610000,629000,1010628
012330,1779030000000,612000,620000,562000,571000,947011
012330,1779116400000,572000,575000,509000,525000,908666
012330,1779202800000,532000,561000,515000,535000,964849
012330,1779289200000,571000,680000,565000,670000,1334364
012330,1779375600000,654000,663000,619000,646000,991976
012330,1779721200000,675000,688000,640000,664000,870942
012330,1779807600000,661000,712000,648000,688000,1501583
012330,1779894000000,739000,749000,653000,686000,1660889
012330,1779980400000,712000,795000,706000,768000,1963281
012330,1780239600000,770000,822000,742000,761000,1822258
012330,1780326000000,763000,775000,698000,759000,1212449
012330,1780498800000,721000,778000,713000,748000,788548
012330,1780585200000,708000,723000,665000,697000,935096
012330,1780844400000,605000,642000,602000,612000,773309
012330,1780930800000,630000,636000,560000,595000,1196958
012330,1781017200000,586000,620000,545000,570000,748496
012330,1781103600000,542000,583000,534000,576000,590857
012330,1781190000000,615000,648000,605000,607000,936211
012330,1781449200000,637000,647000,621000,640000,515561
012330,1781535600000,654000,686000,635000,660000,501325
012330,1781622000000,651000,651000,626000,631000,308035
012330,1781708400000,624000,627000,599000,603000,421462
012330,1781794800000,603000,659000,592000,612000,902462
012330,1782054000000,599000,600000,582000,587000,53861
102940,1696345200000,26200,26200,25050,25200,5036
102940,1696431600000,25600,25700,24900,25150,5379
102940,1696518000000,25450,26000,25200,25650,2547
102940,1696863600000,25950,26450,25000,25600,3766
102940,1696950000000,25500,28000,25400,26300,12945
102940,1697036400000,26450,26500,25650,26100,6015
102940,1697122800000,26100,26500,25600,26500,4054
102940,1697382000000,26700,26700,25750,26150,4160
102940,1697468400000,26700,26800,26250,26700,4999
102940,1697554800000,26500,27550,26500,27050,16201
102940,1697641200000,26600,27600,26300,26750,6044
102940,1697727600000,26050,26750,25550,26150,12045
102940,1697986800000,26450,26450,25600,26000,4818
102940,1698073200000,25750,27500,25750,27200,11444
102940,1698159600000,27150,27600,27050,27450,9197
102940,1698246000000,27000,27250,26550,27100,4387
102940,1698332400000,27000,27700,26650,27400,6704
102940,1698591600000,27400,27500,26350,27150,2981
102940,1698678000000,27150,27450,26650,26700,6175
102940,1698764400000,27700,27900,27250,27450,19196
102940,1698850800000,27850,28250,27600,27700,11430
102940,1698937200000,27850,28500,27250,28400,12161
102940,1699196400000,28500,29000,28250,28550,9531
102940,1699282800000,28750,29000,28400,28800,14304
102940,1699369200000,28800,29250,27000,27300,33094
102940,1699455600000,27300,27450,26350,26750,13381
102940,1699542000000,26250,26700,26150,26550,5868
102940,1699801200000,26450,26500,25350,25500,14537
102940,1699887600000,25750,26350,25550,26200,6644
102940,1699974000000,26200,26650,26000,26450,5830
102940,1700060400000,26300,26750,26000,26600,5852
102940,1700146800000,27000,27500,26250,26800,12225
102940,1700406000000,26800,26800,26350,26800,5882
102940,1700492400000,27150,27200,26300,27050,5696
102940,1700578800000,27100,27300,26600,27150,6087
102940,1700665200000,26950,27150,26600,27000,5275
102940,1700751600000,27150,27200,26700,27000,3140
102940,1701010800000,27200,27200,26150,26600,7737
102940,1701097200000,26600,26600,26000,26500,7056
102940,1701183600000,26450,26750,26100,26500,6132
102940,1701270000000,26450,26700,26100,26700,4408
102940,1701356400000,26800,26850,26100,26500,7317
102940,1701615600000,26700,26700,25500,26000,11007
102940,1701702000000,26150,26300,25850,26150,9710
102940,1701788400000,25850,26300,25800,26050,4668
102940,1701874800000,26000,26200,25800,26100,5512
102940,1701961200000,26100,26150,25800,25900,9216
102940,1702220400000,25900,26300,25700,26050,7259
102940,1702306800000,25600,25900,25600,25750,9285
102940,1702393200000,25700,25700,25350,25350,8813
102940,1702479600000,25400,25650,25200,25650,10507
102940,1702566000000,25650,25800,25100,25650,6840
102940,1702825200000,25600,25700,25300,25500,10618
102940,1702911600000,25300,25800,25300,25500,7694
102940,1702998000000,25750,25800,25150,25450,14447
102940,1703084400000,25400,25600,24800,25000,21324
102940,1703170800000,25150,25200,24700,25100,14937
102940,1703516400000,25350,25550,24650,24850,14261
102940,1703602800000,25000,25000,24550,25000,13213
102940,1703689200000,25000,25950,24900,25700,20975
102940,1704121200000,25750,26700,25500,26350,18911
102940,1704207600000,26600,27150,25900,26750,37412
102940,1704294000000,26950,29000,26800,28200,61657
102940,1704380400000,27700,28900,27550,28050,22659
102940,1704639600000,28000,29500,27700,28750,19827
102940,1704726000000,29200,29200,28100,28200,13691
102940,1704812400000,28850,28850,27600,27800,14552
102940,1704898800000,27800,30300,27400,29600,59574
102940,1704985200000,29550,29900,28200,29600,28039
102940,1705244400000,29550,31000,29000,30650,46944
102940,1705330800000,30650,30650,29100,29950,22993
102940,1705417200000,29300,29800,28000,28300,28435
102940,1705503600000,28000,28900,27950,28500,12858
102940,1705590000000,28900,29050,26150,27250,22711
102940,1705849200000,27250,27850,26200,26900,14629
102940,1705935600000,26900,28000,26750,27900,12719
102940,1706022000000,28600,28600,27450,27900,11031
102940,1706108400000,27900,27900,27250,27700,4982
102940,1706194800000,27550,28350,27250,28000,9308
102940,1706454000000,27700,29500,27600,28400,25001
102940,1706540400000,28600,28850,27500,27650,13318
102940,1706626800000,27800,27800,26850,27050,13403
102940,1706713200000,27200,28500,26300,28450,18100
102940,1706799600000,28450,29150,28100,28550,21093
102940,1707058800000,28850,29450,28350,28350,16936
102940,1707145200000,28500,28800,27650,28250,14399
102940,1707231600000,28950,29500,21050,22350,397920
102940,1707318000000,22350,23350,22000,23000,133280
102940,1707750000000,23200,23850,22500,23600,62312
102940,1707836400000,23500,23500,23000,23350,17808
102940,1707922800000,23100,23350,22700,23100,23178
102940,1708009200000,23100,23200,22550,22850,29911
102940,1708268400000,22900,23150,22600,23000,23188
102940,1708354800000,23100,23100,22400,22650,20645
102940,1708441200000,22850,22850,22150,22400,26091
102940,1708527600000,22400,22550,21450,21800,32648
102940,1708614000000,21800,22650,21550,22200,32698
102940,1708873200000,22350,22550,21550,21950,31737
102940,1708959600000,21600,21650,21250,21350,23559
102940,1709046000000,21500,21650,21200,21450,16224
102940,1709132400000,21450,21600,21000,21050,15060
102940,1709478000000,21000,21300,20400,20500,27492
102940,1709564400000,20250,20850,20000,20500,27981
102940,1709650800000,20600,21150,20300,21000,15643
102940,1709737200000,20850,21150,20600,20800,12524
102940,1709823600000,20600,21400,20500,21100,16335
102940,1710082800000,21100,21900,20800,21450,21516
102940,1710169200000,21450,21750,21150,21350,10112
102940,1710255600000,21450,21750,21000,21600,17893
102940,1710342000000,21550,24950,21400,22850,150000
102940,1710428400000,22850,23000,21800,22650,32353
102940,1710687600000,22500,23350,22200,23200,29994
102940,1710774000000,23200,23550,22600,22950,31135
102940,1710860400000,23000,23350,22100,22200,25988
102940,1710946800000,22200,28700,22200,25700,997742
102940,1711033200000,25900,26100,23350,24650,171736
102940,1711292400000,24500,25350,24050,24200,63379
102940,1711378800000,24200,24450,23500,23750,29590
102940,1711465200000,23400,23550,22800,22900,34175
102940,1711551600000,22900,23250,22600,22900,21400
102940,1711638000000,22700,23150,22600,22850,16126
102940,1711897200000,23100,23600,22800,23250,20683
102940,1711983600000,23250,23300,22300,22500,33783
102940,1712070000000,22200,22650,22000,22550,13406
102940,1712156400000,22800,22800,22200,22450,6248
102940,1712242800000,22450,22500,22050,22250,11748
102940,1712502000000,22050,22300,21900,21950,21344
102940,1712588400000,21600,22200,21600,22100,9134
102940,1712761200000,22400,22400,21800,22200,7108
102940,1712847600000,22200,22300,21700,22250,7693
102940,1713106800000,22300,22300,21800,22200,6708
102940,1713193200000,21800,22150,21500,21800,9245
102940,1713279600000,22050,22050,21700,21900,4669
102940,1713366000000,21550,22350,21550,22200,8759
102940,1713452400000,22600,22750,21850,22200,12557
102940,1713711600000,22150,22550,22000,22200,4091
102940,1713798000000,22500,23250,22100,22900,30429
102940,1713884400000,23200,23200,22550,22850,5850
102940,1713970800000,22850,23050,22000,22850,16675
102940,1714057200000,22850,22900,21900,22050,12448
102940,1714316400000,22300,22400,21900,22300,11674
102940,1714402800000,22550,22550,22150,22400,16003
102940,1714575600000,22400,22650,22050,22150,4536
102940,1714662000000,22250,22300,20850,22100,8323
102940,1715007600000,22500,22500,21900,22150,10734
102940,1715094000000,22150,22250,21900,21900,9514
102940,1715180400000,21800,22050,21700,21850,7199
102940,1715266800000,21900,22400,21850,22300,8592
102940,1715526000000,22500,22500,21950,22350,8065
102940,1715612400000,22150,22800,22150,22400,12058
102940,1715785200000,22400,22600,22050,22150,10830
102940,1715871600000,22200,22350,21900,22050,8828
102940,1716130800000,22000,22300,21500,21650,20076
102940,1716217200000,21850,22250,21650,22100,9119
102940,1716303600000,22100,23000,21500,22650,31955
102940,1716390000000,22200,23500,22200,23350,45782
102940,1716476400000,23800,24150,21950,21950,46425
102940,1716735600000,21900,22300,21800,22150,11434
102940,1716822000000,21950,22800,21700,22500,27183
102940,1716908400000,22250,22700,22000,22200,9022
102940,1716994800000,22200,22350,21900,22000,8682
102940,1717081200000,22100,22450,21800,22350,15122
102940,1717340400000,22350,22750,22000,22600,18560
102940,1717426800000,22600,22800,22250,22450,12014
102940,1717513200000,22700,22700,21800,21950,20778
102940,1717686000000,22100,22150,21650,21950,10356
102940,1717945200000,22000,22000,21650,21900,4502
102940,1718031600000,21950,22000,21750,22000,10396
102940,1718118000000,22050,22100,21500,21700,14233
102940,1718204400000,21700,22550,21700,22300,23927
102940,1718290800000,22300,22450,21850,22000,11747
102940,1718550000000,22350,22350,21700,22000,13332
102940,1718636400000,22000,22000,21400,21450,12368
102940,1718722800000,21150,21350,20800,21000,28741
102940,1718809200000,21100,21150,20650,20950,9645
102940,1718895600000,20650,20800,20000,20450,24893
102940,1719154800000,20400,20750,20350,20550,4980
102940,1719241200000,20550,21200,20550,20800,8548
102940,1719327600000,20600,20850,20350,20350,9910
102940,1719414000000,21300,21950,20450,20600,16901
102940,1719500400000,21000,21000,20400,20650,9419
102940,1719759600000,20950,21250,20650,21100,13397
102940,1719846000000,21050,21050,20400,20400,7153
102940,1719932400000,20400,20800,20250,20400,16214
102940,1720018800000,20150,20700,20150,20550,12416
102940,1720105200000,20450,20850,20250,20600,9344
102940,1720364400000,20700,20850,20550,20750,11250
102940,1720450800000,21250,21300,20900,21150,9225
102940,1720537200000,21250,21850,21150,21400,12252
102940,1720623600000,22100,22600,20900,21000,32954
102940,1720710000000,21800,27300,21350,25750,1282983
102940,1720969200000,25900,28100,23800,24450,546437
102940,1721055600000,24100,24850,23400,24000,127475
102940,1721142000000,23650,23650,22300,23000,71684
102940,1721228400000,22600,22850,21900,22500,47775
102940,1721314800000,22150,22550,22050,22450,29040
102940,1721574000000,22250,22500,21550,21950,26778
102940,1721660400000,21700,22700,21600,22600,24586
102940,1721746800000,22400,23150,22300,23050,33696
102940,1721833200000,23000,23000,22150,23000,26552
102940,1721919600000,23000,23550,22750,23500,28846
102940,1722178800000,23300,23800,23100,23450,21167
102940,1722265200000,23450,23950,23050,23100,18637
102940,1722351600000,23150,23200,22150,22450,33809
102940,1722438000000,22800,23950,22550,23400,48691
102940,1722524400000,23050,23400,22700,23050,19880
102940,1722783600000,22450,22450,20500,21250,49348
102940,1722870000000,22300,22750,21550,22450,29810
102940,1722956400000,22000,23900,22000,23200,43486
102940,1723042800000,23200,24000,22900,23450,26638
102940,1723129200000,23450,23850,22950,23200,15122
102940,1723388400000,23200,23750,22950,23400,31639
102940,1723474800000,23400,23450,22000,22250,31285
102940,1723561200000,22750,22750,21850,22500,17620
102940,1723734000000,22350,22750,22100,22200,20463
102940,1723993200000,22250,22600,21850,22000,23567
102940,1724079600000,22000,22150,21600,22000,17088
102940,1724166000000,21700,21950,21400,21650,25631
102940,1724252400000,21650,21850,20950,21100,30786
102940,1724338800000,20950,21450,20900,21250,23365
102940,1724598000000,21600,21650,20550,20700,26018
102940,1724684400000,20950,20950,20500,20650,9806
102940,1724770800000,20650,21250,20500,20900,14041
102940,1724857200000,20950,21250,20400,20550,17953
102940,1724943600000,20450,21100,20450,20750,9796
102940,1725202800000,21000,21000,20150,20600,16362
102940,1725289200000,20550,20900,20200,20300,22091
102940,1725375600000,20000,20000,19110,19580,35260
102940,1725462000000,19670,19880,19200,19340,24583
102940,1725548400000,19610,19610,18500,18740,20049
102940,1725807600000,18740,18740,17330,18630,11303
102940,1725894000000,18630,19200,18180,18350,13426
102940,1725980400000,18350,18790,18190,18440,5348
102940,1726066800000,18630,18880,18390,18820,9612
102940,1726153200000,18810,18820,18550,18780,7398
102940,1726671600000,18780,19920,18750,19790,15746
102940,1726758000000,19390,19600,18960,19080,27075
102940,1727017200000,19080,19150,18850,19110,13966
102940,1727103600000,19140,19200,18890,19020,11724
102940,1727190000000,19100,19340,18720,18770,19356
102940,1727276400000,18770,19050,18750,18920,13245
102940,1727362800000,18980,18980,18660,18840,15163
102940,1727622000000,18840,18910,18320,18410,15955
102940,1727794800000,18410,18480,18020,18230,7176
102940,1727967600000,18330,18740,18160,18570,7623
102940,1728226800000,18790,18790,18410,18720,6665
102940,1728313200000,18760,18980,18600,18810,8268
102940,1728486000000,19380,19630,18810,19420,30462
102940,1728572400000,19460,21150,19200,19950,100167
102940,1728831600000,20250,20750,19220,19730,31212
102940,1728918000000,19670,19840,19440,19700,16819
102940,1729004400000,19700,19700,19250,19490,20433
102940,1729090800000,19330,19630,18050,19210,22169
102940,1729177200000,19210,19420,18820,18840,12820
102940,1729436400000,18990,19120,18520,19120,6582
102940,1729522800000,19120,19220,18160,18700,13921
102940,1729609200000,19090,19930,18920,19490,42627
102940,1729695600000,19490,19500,18800,18960,13973
102940,1729782000000,19450,19450,18570,18730,14559
102940,1730041200000,18730,18880,18690,18840,5396
102940,1730127600000,18840,18840,18600,18690,9370
102940,1730214000000,18970,18970,18610,18820,7511
102940,1730300400000,18820,18990,18560,18860,4688
102940,1730386800000,18860,19200,18700,18950,10815
102940,1730646000000,19200,19210,18660,19040,7671
102940,1730732400000,19240,19650,18950,19400,17520
102940,1730818800000,19340,19690,18760,19100,14668
102940,1730905200000,19100,19600,18300,18800,9508
102940,1730991600000,18800,19260,18740,18870,7646
102940,1731250800000,18870,18900,18210,18350,28647
102940,1731337200000,18350,18350,17600,17700,31217
102940,1731423600000,17920,17920,17100,17300,22559
102940,1731510000000,17120,17560,17120,17360,12541
102940,1731596400000,17170,18420,16780,17900,21927
102940,1731855600000,17900,18330,17620,17790,8191
102940,1731942000000,17790,18300,17700,18010,15550
102940,1732028400000,18010,18290,17820,18000,11107
102940,1732114800000,18000,18010,17700,17810,13108
102940,1732201200000,17810,18240,17700,17800,10096
102940,1732460400000,17790,18110,17600,18000,15120
102940,1732546800000,18150,18150,17600,17850,5425
102940,1732633200000,17900,18220,17740,18100,11923
102940,1732719600000,18050,18440,18040,18280,6893
102940,1732806000000,18300,19600,17890,18870,89156
102940,1733065200000,19990,22200,19450,19800,254288
102940,1733151600000,19840,20200,19200,19600,54368
102940,1733238000000,18830,19550,18810,19250,25485
102940,1733324400000,19160,20800,19160,20000,66955
102940,1733410800000,20350,20650,18800,19630,64587
102940,1733670000000,18820,19620,18510,18510,26856
102940,1733756400000,18900,19750,18520,19370,19798
102940,1733842800000,19370,21000,19300,20350,67297
102940,1733929200000,20500,20550,20000,20400,34610
102940,1734015600000,20400,25700,20350,25000,475396
102940,1734274800000,25850,25900,24100,25150,132592
102940,1734361200000,24850,25300,23200,23650,116290
102940,1734447600000,23250,23650,22450,22800,53407
102940,1734534000000,22200,25000,22200,23150,99666
102940,1734620400000,23150,23150,22100,22700,31857
102940,1734879600000,22700,23700,22700,23050,22997
102940,1734966000000,23550,24300,22800,23800,43642
102940,1735138800000,23650,23800,23200,23450,37329
102940,1735225200000,23250,23250,22200,22600,28131
102940,1735484400000,22600,23200,22150,23000,8789
102940,1735743600000,23000,23500,22700,23100,20249
102940,1735830000000,23150,23950,22850,23350,54139
102940,1736089200000,23900,24300,23500,23650,26881
102940,1736175600000,23650,25250,23400,24150,114756
102940,1736262000000,24150,24700,23500,24000,34856
102940,1736348400000,24000,25300,24000,24550,60907
102940,1736434800000,24500,24500,23850,24000,25109
102940,1736694000000,23600,23950,23150,23500,17526
102940,1736780400000,23050,24450,23000,24400,19521
102940,1736866800000,24500,24950,23900,24100,21166
102940,1736953200000,24100,24550,23600,23700,18688
102940,1737039600000,24000,24000,23300,23700,18538
102940,1737298800000,23550,23600,22250,22250,40730
102940,1737385200000,22050,23000,21850,22400,12976
102940,1737471600000,22400,22700,22050,22150,10917
102940,1737558000000,23000,23000,22150,22250,8400
102940,1737644400000,22250,22450,21850,22050,9025
102940,1738249200000,22400,22400,21500,22150,11289
102940,1738508400000,21950,22250,21050,22250,11481
102940,1738594800000,22350,22350,21950,22250,7907
102940,1738681200000,22250,22700,21250,22300,16318
102940,1738767600000,22100,22400,22000,22050,12034
102940,1738854000000,22500,23250,22050,23100,28949
102940,1739113200000,23100,23600,22600,23050,26526
102940,1739199600000,23050,24200,23050,23600,43538
102940,1739286000000,23400,24550,23400,24150,36801
102940,1739372400000,24550,24600,23950,24250,28580
102940,1739458800000,24300,24900,24000,24550,19766
102940,1739718000000,24800,29300,24600,28850,144540
102940,1739804400000,28700,28700,27350,27950,116656
102940,1739890800000,27800,28700,25900,26450,54404
102940,1739977200000,26500,27300,26050,26700,44236
102940,1740063600000,26700,26800,25000,25150,41975
102940,1740322800000,25150,26250,24950,25700,21119
102940,1740409200000,25950,26400,25400,26150,16285
102940,1740495600000,26150,27300,25800,26800,28619
102940,1740582000000,27300,27300,26000,26800,14140
102940,1740668400000,26750,27150,26000,26100,15775
102940,1741014000000,26400,29100,26350,28750,105119
102940,1741100400000,28750,33600,28250,32100,176691
102940,1741186800000,31800,31950,30900,31500,43893
102940,1741273200000,31250,33500,31050,32000,90285
102940,1741532400000,31950,33900,30050,33350,99074
102940,1741618800000,32600,35000,32350,34850,167031
102940,1741705200000,34850,38300,33800,36700,208821
102940,1741791600000,37200,39400,36000,36300,308941
102940,1741878000000,36300,37450,36000,36800,108111
102940,1742137200000,36800,37300,33200,34800,135728
102940,1742223600000,34250,37050,34250,36000,133114
102940,1742310000000,36300,36800,33800,35600,120001
102940,1742396400000,35800,36150,28800,30650,343046
102940,1742482800000,30650,31850,30100,30900,85785
102940,1742742000000,31300,31300,29000,30250,54037
102940,1742828400000,30200,31400,29100,29950,38627
102940,1742914800000,29550,30750,29400,30200,16380
102940,1743001200000,31850,31850,29200,29300,26713
102940,1743087600000,29800,29800,28600,29100,14824
102940,1743346800000,29100,29100,27050,27850,59952
102940,1743433200000,29000,29000,27600,27750,45188
102940,1743519600000,28150,28350,27000,27150,25781
102940,1743606000000,27000,27250,26000,26850,32888
102940,1743692400000,27000,27800,25400,27250,34445
102940,1743951600000,26000,28500,25400,25850,45761
102940,1744038000000,26850,26850,24750,25800,58751
102940,1744124400000,25750,25850,25000,25450,24315
102940,1744210800000,26500,26700,25700,26450,28320
102940,1744297200000,26500,27400,26175,27000,33170
102940,1744556400000,27450,28900,26950,28800,36585
102940,1744642800000,28350,29100,27400,28800,36562
102940,1744729200000,28800,28900,27750,28100,21793
102940,1744815600000,28000,28350,27500,27900,16946
102940,1744902000000,27900,28500,27750,27750,12998
102940,1745161200000,27750,27800,26350,26500,26789
102940,1745247600000,26250,29250,26250,28650,66251
102940,1745334000000,29100,29100,28250,28700,29982
102940,1745420400000,28700,29200,28200,28750,29597
102940,1745506800000,28700,28850,27850,28050,29198
102940,1745766000000,28100,28500,26550,26650,43148
102940,1745852400000,26750,27250,25300,26100,39007
102940,1745938800000,26350,27400,25850,26100,24844
102940,1746111600000,25800,26400,25450,25500,16477
102940,1746543600000,25700,25900,25000,25850,12757
102940,1746630000000,25900,26350,25500,25900,9169
102940,1746716400000,25900,27000,25050,25450,18051
102940,1746975600000,25450,25800,25000,25250,11915
102940,1747062000000,25700,25700,24250,24450,30933
102940,1747148400000,24800,24900,23500,24500,24236
102940,1747234800000,24800,24800,24000,24650,15349
102940,1747321200000,25000,25000,24000,24350,11572
102940,1747580400000,24300,26650,23750,24250,45842
102940,1747666800000,23900,25800,23900,25600,41319
102940,1747753200000,25650,25950,24900,25400,25982
102940,1747839600000,25400,26250,25200,25750,38538
102940,1747926000000,25400,26300,25200,25800,13609
102940,1748185200000,26450,26450,25250,25350,9926
102940,1748271600000,25700,26750,25250,26600,32806
102940,1748358000000,26600,27600,26150,27200,44159
102940,1748444400000,27250,27950,27000,27350,28454
102940,1748530800000,27350,28300,26500,27950,45190
102940,1748790000000,27550,28600,27500,28600,34178
102940,1748962800000,28200,29050,27700,29000,37315
102940,1749049200000,29000,30550,28450,28600,54075
102940,1749394800000,29000,29000,27550,28750,39052
102940,1749481200000,28850,30300,28600,29300,40634
102940,1749567600000,30100,31900,29600,31300,83079
102940,1749654000000,31300,32900,30650,32000,65625
102940,1749740400000,32000,32000,30300,30800,67850
102940,1749999600000,30100,33650,30000,33200,63463
102940,1750086000000,33300,34400,32550,32950,68454
102940,1750172400000,33000,33000,30950,31050,43667
102940,1750258800000,31150,39400,30600,32550,820930
102940,1750345200000,32600,33400,31900,32350,83152
102940,1750604400000,32150,34750,31750,33700,92033
102940,1750690800000,33500,34900,33200,34600,73173
102940,1750777200000,34600,34650,33250,33300,41280
102940,1750863600000,33350,33800,32000,32450,36643
102940,1750950000000,32450,35700,32450,34500,138220
102940,1751209200000,34500,36350,33150,35200,84188
102940,1751295600000,35600,36500,35000,35350,43007
102940,1751382000000,35350,36000,34450,35400,52431
102940,1751468400000,35250,37700,34850,36200,77872
102940,1751554800000,36050,36100,34500,34700,38850
102940,1751814000000,34500,34950,33300,34750,27313
102940,1751900400000,35150,36150,34500,34850,24189
102940,1751986800000,35650,35650,33850,34250,21395
102940,1752073200000,34900,35400,34150,34900,18693
102940,1752159600000,34900,35150,33650,34250,24059
102940,1752418800000,34250,34650,33750,34350,28143
102940,1752505200000,34950,35200,34000,34950,21855
102940,1752591600000,34950,35450,34100,34850,13435
102940,1752678000000,34850,35650,34550,35100,32115
102940,1752764400000,35100,36050,34500,35200,25314
102940,1753023600000,35200,36600,34200,34300,31919
102940,1753110000000,34200,34600,32700,33400,34614
102940,1753196400000,34000,34000,32800,33500,25231
102940,1753282800000,33500,34200,32950,33150,25124
102940,1753369200000,33150,33700,32900,33300,22165
102940,1753628400000,33000,33050,31850,32350,37302
102940,1753714800000,32300,32500,31650,32000,23370
102940,1753801200000,31900,32250,31100,31550,22228
102940,1753887600000,31550,32700,31550,32250,17632
102940,1753974000000,32000,32050,30850,31250,28046
102940,1754233200000,30750,33150,30700,32450,18540
102940,1754319600000,32500,33300,32300,32500,15096
102940,1754406000000,31850,32900,31650,32100,13490
102940,1754492400000,32100,32450,31750,31950,9759
102940,1754578800000,31950,32300,31150,31500,10191
102940,1754838000000,31550,31550,30000,30950,19295
102940,1754924400000,30950,31600,29900,30150,24414
102940,1755010800000,30550,30800,29950,30200,25288
102940,1755097200000,30200,30500,29850,30400,18186
102940,1755442800000,30300,30400,28400,28500,55806
102940,1755529200000,28500,29400,28500,28800,15311
102940,1755615600000,28800,28900,27600,28700,20879
102940,1755702000000,28700,29350,28550,28950,10397
102940,1755788400000,28950,29250,28450,28450,13964
102940,1756047600000,28700,29300,28300,28400,21737
102940,1756134000000,28650,29600,28200,29300,21162
102940,1756220400000,29300,29450,28800,29100,14420
102940,1756306800000,29100,29600,28700,29500,9032
102940,1756393200000,29500,29900,28350,28600,18457
102940,1756652400000,28650,29650,28350,28850,21755
102940,1756738800000,30000,30000,28100,29050,13100
102940,1756825200000,29050,29450,28750,29300,7781
102940,1756911600000,29650,30400,29150,30200,27472
102940,1756998000000,30400,31500,29900,30700,25820
102940,1757257200000,31400,35350,31400,35000,178214
102940,1757343600000,34450,34700,33300,34000,54146
102940,1757430000000,34000,34650,32600,33400,62859
102940,1757516400000,33400,34100,33050,33850,24068
102940,1757602800000,34800,36500,34100,35050,104175
102940,1757862000000,35500,35800,34200,35000,55077
102940,1757948400000,35350,35450,33650,34550,25900
102940,1758034800000,34550,34600,33500,33600,26716
102940,1758121200000,33600,34050,33100,33550,14603
102940,1758207600000,33450,34100,33000,33650,19695
102940,1758466800000,33750,34150,33000,33750,12859
102940,1758553200000,33350,35850,33350,35000,94273
102940,1758639600000,35900,35950,34050,34400,46819
102940,1758726000000,34400,34450,33150,33550,17657
102940,1758812400000,33650,33750,32400,32800,20360
102940,1759071600000,32800,33800,32000,33400,29753
102940,1759158000000,33400,34050,32900,33800,20114
102940,1759244400000,33800,34250,32650,32800,16220
102940,1759330800000,32800,33050,31950,32650,35360
102940,1760022000000,32650,32750,31650,32150,26859
102940,1760281200000,31850,32800,31200,31500,32824
102940,1760367600000,31550,31950,30950,31400,34838
102940,1760454000000,31400,31950,31200,31450,26653
102940,1760540400000,31450,31650,30350,31300,31724
102940,1760626800000,31350,32200,30400,31700,42436
102940,1760886000000,32600,32600,31600,32050,23776
102940,1760972400000,32750,32750,31600,31850,25648
102940,1761058800000,31900,32700,31700,32100,32442
102940,1761145200000,32150,32400,31400,31450,24439
102940,1761231600000,31600,31650,31150,31350,24967
102940,1761490800000,31350,32700,31300,32650,43570
102940,1761577200000,32700,33450,32550,32700,30042
102940,1761663600000,33400,33400,31750,31800,34577
102940,1761750000000,31800,32850,31550,31950,28194
102940,1761836400000,31950,33900,31750,32800,35218
102940,1762095600000,32750,34100,32450,32750,44979
102940,1762182000000,32800,34850,32000,33950,72999
102940,1762268400000,33900,33900,32250,33200,32633
102940,1762354800000,33200,34050,32650,33200,27574
102940,1762441200000,33000,33250,31650,32200,35370
102940,1762700400000,32250,34000,32100,32400,56100
102940,1762786800000,32550,33450,32050,32400,44872
102940,1762873200000,33000,38150,33000,36900,553955
102940,1762959600000,36550,37750,36300,37150,108788
102940,1763046000000,37050,38900,36400,37400,207992
102940,1763305200000,38700,40000,36850,39150,184886
102940,1763391600000,39200,41500,38350,40600,146224
102940,1763478000000,40400,40550,36400,38250,120378
102940,1763564400000,38250,43450,37850,42450,246743
102940,1763650800000,41550,44550,40700,43400,224269
102940,1763910000000,43800,45400,42850,44650,164061
102940,1763996400000,44800,49000,44750,46550,265589
102940,1764082800000,46500,54100,45450,53700,509914
102940,1764169200000,52100,53500,50200,51100,231032
102940,1764255600000,51700,61700,51200,61200,567065
102940,1764514800000,61000,61500,56700,60200,164696
102940,1764601200000,60100,60200,56300,56600,148917
102940,1764687600000,56600,57000,53100,55400,107138
102940,1764774000000,55500,56500,52200,55500,66195
102940,1764860400000,55500,55500,52500,53500,86204
102940,1765119600000,53500,53600,51300,51500,72129
102940,1765206000000,51600,55000,51500,52600,56388
102940,1765292400000,52700,57700,51500,56500,108203
102940,1765378800000,56100,58700,55800,58100,59326
102940,1765465200000,58100,61900,57400,58600,91257
102940,1765724400000,57000,57000,53000,54000,179235
102940,1765810800000,54000,55000,52600,53100,88169
102940,1765897200000,53300,53400,49300,49700,204540
102940,1765983600000,49250,51200,48700,50300,104069
102940,1766070000000,51000,51600,50000,50700,65988
102940,1766329200000,50800,51600,50200,51200,59561
102940,1766415600000,50700,52600,50500,52100,107385
102940,1766502000000,52200,52200,50000,50800,87353
102940,1766674800000,50800,51100,49450,50800,77065
102940,1766934000000,50800,52400,50700,51900,62648
102940,1767020400000,51900,52200,51200,51700,83750
102940,1767279600000,51700,51700,45000,46500,191199
102940,1767538800000,47450,47600,45350,47300,45343
102940,1767625200000,47600,50400,45950,46150,56307
102940,1767711600000,46850,46950,45500,46000,42704
102940,1767798000000,46400,46550,44800,45650,54705
102940,1767884400000,45700,46200,44350,45350,47004
102940,1768143600000,45350,45700,44800,45400,37155
102940,1768230000000,45900,46200,44900,45000,34697
102940,1768316400000,45500,46300,44850,45050,32745
102940,1768402800000,45650,46850,45300,45800,30219
102940,1768489200000,47000,47300,44500,46300,50503
102940,1768748400000,47350,48550,46300,47100,52729
102940,1768834800000,47600,49450,47500,48600,48612
102940,1768921200000,47000,47750,46000,46800,66509
102940,1769007600000,47450,49900,46550,49500,58723
102940,1769094000000,50000,54400,49700,54200,114949
102940,1769353200000,58700,59900,56000,59600,134121
102940,1769439600000,58000,63700,58000,61400,115135
102940,1769526000000,59800,60900,57800,58700,98096
102940,1769612400000,58700,62800,58700,60800,106898
102940,1769698800000,62000,68300,60100,64800,110186
102940,1769958000000,63900,71900,62600,69000,119808
102940,1770044400000,70800,71600,66300,70800,114019
102940,1770130800000,70300,71900,68000,70000,69145
102940,1770217200000,72500,72700,66300,68200,85682
102940,1770303600000,66300,67000,62900,64000,85783
102940,1770562800000,65800,67400,64100,66100,32747
102940,1770649200000,65600,66700,62900,63400,36533
102940,1770735600000,63500,64600,62900,63200,21714
102940,1770822000000,65000,65900,62200,62500,33118
102940,1770908400000,62500,62700,60500,60900,26315
102940,1771426800000,61400,64000,59750,61100,38965
102940,1771513200000,62000,62000,59700,60100,27880
102940,1771772400000,60100,61800,59800,61100,28203
102940,1771858800000,62100,62100,60000,61000,25190
102940,1771945200000,60500,61400,60100,60900,23842
102940,1772031600000,61500,67900,60500,65000,73025
102940,1772118000000,66100,66400,63000,63800,53616
102940,1772463600000,62000,63800,60500,60900,50160
102940,1772550000000,57800,58900,47750,50500,100653
102940,1772636400000,54900,58400,54100,56700,51316
102940,1772722800000,56500,61000,55400,60600,51593
102940,1772982000000,60500,62500,54800,56800,58293
102940,1773068400000,60200,60200,55900,57100,34636
102940,1773154800000,57600,59100,55000,57100,29231
102940,1773241200000,56300,57600,55000,56700,19642
102940,1773327600000,55100,57900,54800,56900,21164
102940,1773586800000,58200,63900,57000,62500,111834
102940,1773673200000,60800,63500,59300,61000,73519
102940,1773759600000,62500,62700,59800,61100,46720
102940,1773846000000,60400,60700,58200,58300,35209
102940,1773932400000,58700,59200,57000,57300,28423
102940,1774191600000,56500,56500,52500,52600,33643
102940,1774278000000,55700,55900,53500,54900,16506
102940,1774364400000,54700,59000,54700,58000,50176
102940,1774450800000,59000,69100,58400,63000,176515
102940,1774537200000,66500,67200,61000,64500,88961
102940,1774796400000,61600,62800,59200,60000,46323
102940,1774882800000,59600,59900,56600,56600,36445
102940,1774969200000,60100,60100,57100,59000,38619
102940,1775055600000,60500,60600,55000,55400,41688
102940,1775142000000,57000,57000,54200,54900,34758
102940,1775401200000,54900,56100,52900,53400,35222
102940,1775487600000,54100,57000,53600,54400,36672
102940,1775574000000,56300,57200,55600,56600,20782
102940,1775660400000,57000,58900,56300,57000,25577
102940,1775746800000,57700,58000,55700,55700,21562
102940,1776006000000,55800,55800,52900,54600,34143
102940,1776092400000,56000,56900,55300,55400,19690
102940,1776178800000,56200,59800,55400,59000,32500
102940,1776265200000,59800,60700,58500,59000,28037
102940,1776351600000,59400,60900,58100,58900,18710
102940,1776610800000,58800,59700,58000,58500,13442
102940,1776697200000,59400,59400,55900,56100,28603
102940,1776783600000,56600,56600,54900,55800,22671
102940,1776870000000,56500,57300,54400,56200,34644
102940,1776956400000,56300,57700,55600,56700,16113
102940,1777215600000,57900,59200,56700,58100,21244
102940,1777302000000,58800,61900,58400,61000,58851
102940,1777388400000,60800,61400,59000,60600,22310
102940,1777474800000,60900,61000,58300,58600,26400
102940,1777820400000,61100,62600,59300,59600,31124
102940,1777993200000,60000,60300,57600,59400,35034
102940,1778079600000,60200,66100,59800,61300,58337
102940,1778166000000,61400,67500,61400,63800,114870
102940,1778425200000,65600,65700,61500,63800,62242
102940,1778511600000,64300,69000,63500,65200,79505
102940,1778598000000,66100,66400,58500,59400,93414
102940,1778684400000,61000,61200,56900,57200,47076
102940,1778770800000,57800,57800,54000,54600,53592
102940,1779030000000,55100,55800,52200,54100,30780
102940,1779116400000,55000,56900,53000,53600,35830
102940,1779202800000,53500,53500,50200,51300,34210
102940,1779289200000,53200,54700,51900,52800,28703
102940,1779375600000,53500,57400,53500,54400,33528
102940,1779721200000,55900,57900,55100,55400,28904
102940,1779807600000,55300,57900,53600,54900,29862
102940,1779894000000,54900,55400,50600,52300,30633
102940,1779980400000,52500,52900,48700,49650,51970
102940,1780239600000,49300,49650,46700,48700,39910
102940,1780326000000,47200,52500,46650,50600,35963
102940,1780498800000,50700,52900,50000,51800,18454
102940,1780585200000,51000,51800,48500,48500,35677
102940,1780844400000,45500,46450,44000,44700,28385
102940,1780930800000,45050,48600,44650,47800,23280
102940,1781017200000,48500,50000,47000,47750,36240
102940,1781103600000,48400,49900,47150,49200,19081
102940,1781190000000,50100,51800,49500,49600,31179
102940,1781449200000,51600,53500,50700,51300,27027
102940,1781535600000,51800,52500,50000,50300,10001
102940,1781622000000,52300,53400,49600,52100,19325
102940,1781708400000,51900,51900,49000,49000,28255
102940,1781794800000,49500,49500,46650,47850,18488
102940,1782054000000,55700,55900,49350,50100,29075
086520,1696345200000,174620,175601,161279,161672,3086047
086520,1696431600000,166576,169127,161475,161868,1981933
086520,1696518000000,161279,167165,161279,164615,1303798
086520,1696863600000,165595,165988,152646,154216,2775070
086520,1696950000000,158336,167558,156178,165400,2691163
086520,1697036400000,167361,175210,166184,171286,2045514
086520,1697122800000,170305,172267,161672,163438,2067430
086520,1697382000000,156178,165202,154019,163830,2223910
086520,1697468400000,166576,170697,162849,162849,1735613
086520,1697554800000,163045,166381,160887,161280,974336
086520,1697641200000,156963,158925,155197,156571,1332707
086520,1697727600000,153823,154019,145190,147349,3009311
086520,1697986800000,145387,149507,142051,143229,2168743
086520,1698073200000,144405,148722,134399,147545,3377992
086520,1698159600000,148526,148722,135381,135381,2206199
086520,1698246000000,130278,133025,120271,121842,4715195
086520,1698332400000,123215,127924,119683,124589,3271496
086520,1698591600000,123608,132045,122822,129887,2358346
086520,1698678000000,130671,130867,120076,121646,2378907
086520,1698764400000,123019,126551,115760,117134,2561043
086520,1698850800000,120861,127336,119095,127336,2749204
086520,1698937200000,130671,133418,123804,124982,3359298
086520,1699196400000,143621,162457,139697,162457,5876989
086520,1699282800000,170697,182077,155981,168539,11953932
086520,1699369200000,161083,165399,144602,144602,5388218
086520,1699455600000,147937,149702,135968,143032,4620539
086520,1699542000000,137931,139305,134400,134400,2295738
086520,1699801200000,137146,140481,133418,134988,1814567
086520,1699887600000,137734,146759,136557,143032,2918925
086520,1699974000000,154805,154805,142247,145191,2644191
086520,1700060400000,143228,149115,138127,139501,1959884
086520,1700146800000,136949,137734,129690,133222,2797389
086520,1700406000000,131456,144798,130671,142836,3194429
086520,1700492400000,144406,146564,137539,142248,2395252
086520,1700578800000,139697,141659,135969,137343,1670375
086520,1700665200000,137342,138912,135576,137931,868359
086520,1700751600000,138324,139305,135969,136362,895464
086520,1701010800000,138716,138716,133222,135773,1263447
086520,1701097200000,135969,144602,135773,139501,2298664
086520,1701183600000,142444,145975,138520,145191,2415929
086520,1701270000000,142639,146760,140873,146760,1911073
086520,1701356400000,143620,144994,138911,142051,1717525
086520,1701615600000,137931,140285,130083,130868,8037236
086520,1701702000000,131260,133026,127728,129102,2195159
086520,1701788400000,129494,131456,125766,125767,1994058
086520,1701874800000,127336,127925,119880,124001,2047354
086520,1701961200000,125570,131849,124393,130868,2336838
086520,1702220400000,132633,134399,130278,130475,1737366
086520,1702306800000,130082,131456,128120,129494,1213031
086520,1702393200000,126551,128120,123019,123412,2041452
086520,1702479600000,126943,127335,118310,119684,3265375
086520,1702566000000,123215,130082,122234,126355,3975043
086520,1702825200000,132045,141070,129690,136754,5975417
086520,1702911600000,138715,143817,136753,143817,3672068
086520,1702998000000,145386,145583,140874,142640,2077303
086520,1703084400000,140481,144013,134595,135773,3550088
086520,1703170800000,137734,138323,130671,131064,2098796
086520,1703516400000,128906,130868,124393,125963,2651092
086520,1703602800000,126355,130475,124589,126159,2258089
086520,1703689200000,128121,128709,123804,126944,1326586
086520,1704121200000,127139,129494,124980,125178,1273952
086520,1704207600000,123608,124785,121449,121646,1404443
086520,1704294000000,118898,126158,118898,124393,1793660
086520,1704380400000,124393,130475,121646,128710,2905704
086520,1704639600000,128905,129101,124981,125374,1179785
086520,1704726000000,125962,128709,124393,124393,1076469
086520,1704812400000,124196,125373,121646,121646,1045654
086520,1704898800000,122627,128317,122627,127336,1932433
086520,1704985200000,125570,125962,123411,124001,922752
086520,1705244400000,122038,125178,121057,122235,1029992
086520,1705330800000,121253,122823,119879,120861,1019391
086520,1705417200000,119684,120272,116740,116741,1603506
086520,1705503600000,115367,119879,114778,114779,1563053
086520,1705590000000,115956,116937,107911,109089,2765330
086520,1705849200000,107912,109089,100260,101045,2859798
086520,1705935600000,98885,103006,98101,99671,2265683
086520,1706022000000,99671,100652,96434,99279,1929345
086520,1706108400000,98298,98298,94570,96238,1854489
086520,1706194800000,94766,105949,94177,105165,2983134
086520,1706454000000,106930,107127,101633,102222,2280616
086520,1706540400000,103987,107519,100063,100456,1901328
086520,1706626800000,99278,102025,98101,98494,1039864
086520,1706713200000,98298,105754,97513,104773,1900156
086520,1706799600000,105950,108893,102222,107716,1898087
086520,1707058800000,106146,109285,104772,105950,1223458
086520,1707145200000,103988,104380,99083,99868,2145507
086520,1707231600000,103007,122627,103007,113602,7687845
086520,1707318000000,117133,128709,114779,127140,6445941
086520,1707750000000,127138,135576,122430,124589,5349615
086520,1707836400000,121646,124197,116740,122039,3533555
086520,1707922800000,124588,127532,121841,124589,2009175
086520,1708009200000,129494,130082,124000,125570,2128204
086520,1708268400000,121841,123410,118506,118703,2445179
086520,1708354800000,116347,119095,112620,117722,2909455
086520,1708441200000,115563,121646,113994,117722,1904972
086520,1708527600000,117721,118702,115955,116937,1069486
086520,1708614000000,116937,119095,114975,116349,1216129
086520,1708873200000,114778,118505,114581,115760,1037938
086520,1708959600000,117329,119488,113602,113602,1597089
086520,1709046000000,117526,121450,114779,115368,3648226
086520,1709132400000,116545,121253,114975,121254,2266605
086520,1709478000000,122430,124981,120076,124197,2160838
086520,1709564400000,121448,123215,118703,118703,1780923
086520,1709650800000,116937,120273,116152,117330,1126427
086520,1709737200000,117525,119684,115759,117722,1016700
086520,1709823600000,117918,119095,114974,115956,1289660
086520,1710082800000,115956,117133,114778,114779,815618
086520,1710169200000,115563,121646,115367,120665,1848088
086520,1710255600000,121254,121449,119292,120077,968806
086520,1710342000000,119095,119488,117133,119488,874185
086520,1710428400000,117721,118114,116740,117918,810680
086520,1710687600000,117721,121057,117721,120665,900525
086520,1710774000000,121842,122038,118113,119880,838309
086520,1710860400000,119880,121646,118703,119096,602963
086520,1710946800000,120273,122627,120076,121058,1220181
086520,1711033200000,120861,126551,120272,123216,1558074
086520,1711292400000,123804,127532,122822,125963,1594949
086520,1711378800000,127335,127335,124981,126551,1059660
086520,1711465200000,127728,132829,127139,132241,2667127
086520,1711551600000,133418,133418,128513,129102,1524981
086520,1711638000000,126943,127728,123608,124197,1433770
086520,1711897200000,123019,128905,123019,124393,1151238
086520,1711983600000,123411,126943,118898,119684,2091161
086520,1712070000000,114975,116740,110854,111051,4433163
086520,1712156400000,111247,112424,106342,110659,2922814
086520,1712242800000,110070,112424,107519,107912,1820657
086520,1712502000000,100848,103791,98690,101437,5479194
086520,1712588400000,0,0,0,101437,0
086520,1712761200000,0,0,0,101437,0
086520,1712847600000,0,0,0,101437,0
086520,1713106800000,0,0,0,101437,0
086520,1713193200000,0,0,0,101437,0
086520,1713279600000,0,0,0,101437,0
086520,1713366000000,0,0,0,101437,0
086520,1713452400000,0,0,0,101437,0
086520,1713711600000,0,0,0,101437,0
086520,1713798000000,0,0,0,101437,0
086520,1713884400000,0,0,0,101437,0
086520,1713970800000,112130,113209,103791,106048,6160330
086520,1714057200000,106342,107127,102516,103988,1983145
086520,1714316400000,103006,104674,101143,103988,1772851
086520,1714402800000,106440,108304,104085,104184,2180858
086520,1714575600000,103006,104184,102025,102124,802313
086520,1714662000000,103202,104772,99278,99377,1657552
086520,1715007600000,99474,100357,97807,98592,1285494
086520,1715094000000,98101,99279,97317,99181,1069571
086520,1715180400000,98886,98886,97121,97121,1044001
086520,1715266800000,97513,98494,96041,96336,977338
086520,1715526000000,96434,96826,93197,93197,1342021
086520,1715612400000,93785,98494,93687,96042,2301042
086520,1715785200000,96728,99083,95551,98887,1468515
086520,1715871600000,99180,101044,97806,97807,1190646
086520,1716130800000,98689,99278,97120,97807,762378
086520,1716217200000,97218,97415,94177,94472,1214353
086520,1716303600000,95747,96924,94177,95355,871946
086520,1716390000000,94373,95648,93588,94962,686385
086520,1716476400000,93589,94276,92019,92216,1107939
086520,1716735600000,92313,96728,89076,95453,2616602
086520,1716822000000,95746,96531,92902,92902,1052976
086520,1716908400000,91823,92608,88586,88586,1471507
086520,1716994800000,87310,91431,87310,88390,1389226
086520,1717081200000,88782,92608,86721,92608,2619183
086520,1717340400000,92019,94570,90646,91529,1108826
086520,1717426800000,91626,97316,91332,94570,2052956
086520,1717513200000,94569,99965,94471,98690,2404918
086520,1717686000000,99474,107126,97708,105459,4463068
086520,1717945200000,105949,105949,100161,101731,2206623
086520,1718031600000,102516,104282,100554,101143,1428786
086520,1718118000000,100161,102123,98199,99377,983916
086520,1718204400000,101535,101535,98788,99083,1333468
086520,1718290800000,99769,100259,97218,97513,1288798
086520,1718550000000,96434,98101,95257,95257,1029604
086520,1718636400000,96630,97317,92314,92314,1390909
086520,1718722800000,91627,95943,91234,94276,1594942
086520,1718809200000,94177,95158,92215,92314,838785
086520,1718895600000,90939,93686,90841,91038,978245
086520,1719154800000,90449,90940,89272,89567,835701
086520,1719241200000,89566,91332,88782,88782,749273
086520,1719327600000,89763,90253,87604,87801,786795
086520,1719414000000,88978,90743,87800,87899,815368
086520,1719500400000,87899,90548,87016,88390,1006208
086520,1719759600000,88782,90450,87408,90450,780126
086520,1719846000000,91332,91626,87996,88291,724420
086520,1719932400000,89763,95943,89665,95061,3059516
086520,1720018800000,97611,101829,95159,95159,2692413
086520,1720105200000,95158,98788,93196,96434,1300069
086520,1720364400000,95550,105655,95256,102418,4438868
086520,1720450800000,103006,103595,99082,99279,1793596
086520,1720537200000,101045,102026,97219,98004,1336248
086520,1720623600000,98788,100750,96434,96434,1696419
086520,1720710000000,95943,99474,95845,99475,1345230
086520,1720969200000,100358,101437,97709,101045,1654695
086520,1721055600000,99573,100259,95158,95551,1579549
086520,1721142000000,95256,96924,92607,92902,1357820
086520,1721228400000,92215,98788,91627,96336,2324774
086520,1721314800000,96335,98592,95354,98396,1340007
086520,1721574000000,98003,98101,93196,93589,1112534
086520,1721660400000,94766,95354,91136,91627,1001034
086520,1721746800000,90449,93784,90351,91136,801522
086520,1721833200000,89763,94472,88978,94178,1308323
086520,1721919600000,93687,94570,90744,92608,742218
086520,1722178800000,92510,94177,90548,93295,812112
086520,1722265200000,92706,96139,92510,94276,1187786
086520,1722351600000,93392,93392,90449,90548,1047892
086520,1722438000000,91234,92411,88291,91823,1194838
086520,1722524400000,89959,92510,89370,89469,835603
086520,1722783600000,88291,90841,78873,79560,2211418
086520,1722870000000,82405,90645,82012,89763,2082197
086520,1722956400000,88880,90743,86918,86918,1073014
086520,1723042800000,85250,87408,82699,82994,1008647
086520,1723129200000,86918,90547,85937,88782,1541326
086520,1723388400000,89173,90253,87996,88291,783934
086520,1723474800000,88291,90253,86525,88488,868069
086520,1723561200000,91038,91528,88781,89076,1007800
086520,1723734000000,90547,91332,87604,87899,1147681
086520,1723993200000,87212,87506,83484,83877,1119247
086520,1724079600000,84956,85348,83484,83583,689245
086520,1724166000000,83287,86525,83287,86329,1015155
086520,1724252400000,87114,87997,85741,87507,867847
086520,1724338800000,86427,87604,84857,85152,644435
086520,1724598000000,86231,87114,84563,85545,550774
086520,1724684400000,85348,86231,83974,84956,485551
086520,1724770800000,84955,85348,81914,82307,706395
086520,1724857200000,81325,85347,81325,83484,866141
086520,1724943600000,83975,84563,82699,83975,577289
086520,1725202800000,84171,89763,84073,88390,2026291
086520,1725289200000,88683,88977,86917,87310,647959
086520,1725375600000,85348,87114,83484,83877,825345
086520,1725462000000,84661,85054,81522,82111,886063
086520,1725548400000,82601,83386,76322,76421,1683243
086520,1725807600000,75047,76126,73281,73772,1239449
086520,1725894000000,74263,75734,71222,71222,1019386
086520,1725980400000,72104,74557,71810,73184,1109598
086520,1726066800000,74654,77205,73968,75636,1058245
086520,1726153200000,76715,76911,73576,75342,752497
086520,1726671600000,77009,77009,74164,75538,607482
086520,1726758000000,77500,78088,76322,77304,819358
086520,1727017200000,76813,81718,75930,81228,1070995
086520,1727103600000,82896,90842,82209,88488,3155175
086520,1727190000000,89370,89958,86819,87310,1486667
086520,1727276400000,87605,90254,87310,90254,1276183
086520,1727362800000,90253,90743,88585,89861,888033
086520,1727622000000,90842,92313,86918,86918,1328419
086520,1727794800000,86329,91528,85937,90646,1320670
086520,1727967600000,90547,92509,87899,87899,1317814
086520,1728226800000,89958,90645,88781,90057,960026
086520,1728313200000,89174,91823,88389,90548,981758
086520,1728486000000,90743,91037,87212,87212,1080609
086520,1728572400000,87212,89468,85250,85250,985854
086520,1728831600000,83484,84171,82405,82896,907017
086520,1728918000000,83288,85152,80443,80738,883116
086520,1729004400000,81424,81718,79560,80051,520620
086520,1729090800000,79854,80737,79070,79070,489164
086520,1729177200000,78873,79658,77990,78579,534711
086520,1729436400000,78187,79168,77696,78874,501090
086520,1729522800000,78775,78775,74950,74950,950477
086520,1729609200000,74949,78775,74458,78481,798432
086520,1729695600000,79854,80443,76126,76519,589356
086520,1729782000000,79167,79658,76322,76715,528916
086520,1730041200000,77304,80836,77304,80836,794454
086520,1730127600000,80345,80541,78088,80247,517456
086520,1730214000000,79756,80639,78677,78874,391035
086520,1730300400000,78284,79462,77303,77500,483702
086520,1730386800000,75930,78873,75243,78579,512571
086520,1730646000000,78873,85249,78382,84367,1549809
086520,1730732400000,83778,86231,82797,85054,748458
086520,1730818800000,87211,87310,77401,78579,2028753
086520,1730905200000,78285,79070,75244,77108,1116050
086520,1730991600000,78089,80835,78089,78089,855802
086520,1731250800000,78187,79560,74949,75146,876112
086520,1731337200000,75734,77499,74851,75734,781898
086520,1731423600000,75244,76519,71908,73086,923010
086520,1731510000000,73380,74851,67298,67298,1519061
086520,1731596400000,64648,66610,60724,64060,2639787
086520,1731855600000,64060,67984,63570,66317,1300705
086520,1731942000000,66611,67984,64452,67396,742083
086520,1732028400000,67101,70534,66316,68671,712396
086520,1732114800000,69161,73968,68279,73086,1316048
086520,1732201200000,73478,75047,72791,74165,786343
086520,1732460400000,75439,80639,74557,77402,1716910
086520,1732546800000,77794,85054,77206,77893,2575054
086520,1732633200000,78579,81130,76715,76912,1126735
086520,1732719600000,78775,79953,77500,78874,796478
086520,1732806000000,78579,78677,74655,74655,815266
086520,1733065200000,75538,77206,73576,74165,832857
086520,1733151600000,74851,75342,71810,72399,1009789
086520,1733238000000,71025,72300,69651,69946,1082206
086520,1733324400000,70633,71123,68082,68377,724364
086520,1733410800000,68965,70437,67101,69456,1135186
086520,1733670000000,68670,71515,67689,68769,1298592
086520,1733756400000,70829,71222,69652,70241,820139
086520,1733842800000,70240,72300,69259,69750,813788
086520,1733929200000,70926,71123,68670,70044,1191902
086520,1734015600000,69946,71221,69455,70829,764888
086520,1734274800000,71418,71712,69456,70241,706754
086520,1734361200000,70436,70436,65237,65826,1359320
086520,1734447600000,66415,67003,65924,66415,709294
086520,1734534000000,64746,66708,64648,65139,647623
086520,1734620400000,65335,65924,61902,62491,872329
086520,1734879600000,62883,63275,59841,61902,1011161
086520,1734966000000,62195,63275,60233,60332,879498
086520,1735138800000,60920,61116,57585,57585,1277301
086520,1735225200000,57585,58468,55329,55918,1411141
086520,1735484400000,55917,58271,55623,56408,913844
086520,1735743600000,56506,56604,54053,54152,935277
086520,1735830000000,54446,61902,54446,59646,3104482
086520,1736089200000,60822,63373,59841,62392,1601580
086520,1736175600000,62588,63569,61116,61215,972863
086520,1736262000000,60430,64746,60430,63962,1515886
086520,1736348400000,63766,64550,61804,63668,1008311
086520,1736434800000,63569,63667,61313,61313,769296
086520,1736694000000,60822,61803,59351,59351,753598
086520,1736780400000,60332,63766,59842,62687,1240157
086520,1736866800000,63177,65041,61313,61608,1039045
086520,1736953200000,63765,64256,62000,62000,904720
086520,1737039600000,61999,62686,60920,61117,548256
086520,1737298800000,61509,63962,61509,63472,1146308
086520,1737385200000,62490,62883,58861,59744,1365266
086520,1737471600000,60528,61706,60136,61706,741903
086520,1737558000000,61117,61215,59743,59940,491411
086520,1737644400000,60430,60528,59351,59842,458216
086520,1738249200000,59842,60823,59057,59842,464739
086520,1738508400000,58566,58958,55819,56114,865953
086520,1738594800000,57487,61018,57291,58174,1048442
086520,1738681200000,58272,59841,58272,59155,451829
086520,1738767600000,60038,60136,58174,58567,529637
086520,1738854000000,58763,61411,57683,58763,815959
086520,1739113200000,57781,59449,56898,58959,723792
086520,1739199600000,59252,60037,58075,58468,740270
086520,1739286000000,57977,59841,57879,58468,662519
086520,1739372400000,58959,61215,58861,60725,1240238
086520,1739458800000,60725,60725,59351,59548,609771
086520,1739718000000,59743,62392,59154,61117,1232488
086520,1739804400000,61902,62000,60038,60627,544070
086520,1739890800000,60921,63668,60823,62589,1580814
086520,1739977200000,62980,63569,61901,62098,1067780
086520,1740063600000,63079,67493,62490,65924,2709527
086520,1740322800000,65237,67298,64747,67298,1479965
086520,1740409200000,66904,67199,63961,64158,996683
086520,1740495600000,63275,67200,63177,67200,1127369
086520,1740582000000,66900,68100,65700,65900,623392
086520,1740668400000,65000,65200,61100,62200,1276060
086520,1741014000000,61900,62100,57800,58100,1255916
086520,1741100400000,58800,60400,58200,58900,728668
086520,1741186800000,59700,60700,58500,58700,713885
086520,1741273200000,58000,60000,57600,59500,628569
086520,1741532400000,59400,60900,58600,60000,675281
086520,1741618800000,58000,58900,57400,58300,560531
086520,1741705200000,58700,59300,58300,59000,371180
086520,1741791600000,59900,60200,57400,57400,786331
086520,1741878000000,57700,59800,56600,59800,839738
086520,1742137200000,59600,60200,58200,59900,736327
086520,1742223600000,60300,61300,59300,60200,723594
086520,1742310000000,60000,60700,59700,60200,485981
086520,1742396400000,61300,62100,60200,60400,647273
086520,1742482800000,60700,63000,58800,61100,1114255
086520,1742742000000,61600,61700,59800,59900,334204
086520,1742828400000,60600,61100,58500,58700,351477
086520,1742914800000,59200,60200,58500,59800,337180
086520,1743001200000,59100,59600,57900,58200,217694
086520,1743087600000,58100,58500,56500,56800,330740
086520,1743346800000,54500,55500,49500,49650,2218093
086520,1743433200000,50100,50500,48300,48500,1263977
086520,1743519600000,49050,49450,46500,47200,936573
086520,1743606000000,45300,48700,45150,47850,1006606
086520,1743692400000,47000,53900,47000,52100,2781441
086520,1743951600000,50400,52500,49550,49650,1021352
086520,1744038000000,51500,51500,49250,49650,584098
086520,1744124400000,48700,50400,47650,47800,682920
086520,1744210800000,51600,52400,50500,52400,1014895
086520,1744297200000,50800,51800,49850,50900,502159
086520,1744556400000,51400,53000,50800,51200,516320
086520,1744642800000,51000,51300,49700,49800,577462
086520,1744729200000,50000,50400,48000,48050,537868
086520,1744815600000,47750,48800,47750,48400,382780
086520,1744902000000,48550,48850,47500,48000,406238
086520,1745161200000,47550,48450,47350,47400,359895
086520,1745247600000,47150,48300,46800,47250,360719
086520,1745334000000,48250,49750,48000,49600,720360
086520,1745420400000,50400,50600,49200,50100,538866
086520,1745506800000,50500,52500,49900,51000,852234
086520,1745766000000,52000,54100,51300,51500,909029
086520,1745852400000,52300,52500,50000,51100,489857
086520,1745938800000,51300,51300,49650,51000,796552
086520,1746111600000,50000,50900,49500,50200,375866
086520,1746543600000,50600,50900,47950,48400,742958
086520,1746630000000,48450,49100,48000,48650,487153
086520,1746716400000,48900,49000,47050,47150,523288
086520,1746975600000,47450,47750,47150,47700,522658
086520,1747062000000,48250,49100,46900,46950,583073
086520,1747148400000,47000,47200,44950,46900,897935
086520,1747234800000,46700,46800,45650,45650,370852
086520,1747321200000,45650,45950,44050,44050,535686
086520,1747580400000,43150,44500,43100,44100,480217
086520,1747666800000,44300,44450,41000,41200,848559
086520,1747753200000,41150,42550,41000,41000,640834
086520,1747839600000,41050,41950,39600,41300,845782
086520,1747926000000,41550,41800,39200,39300,764511
086520,1748185200000,39050,40650,39050,39500,838977
086520,1748271600000,39200,39450,37750,38350,665029
086520,1748358000000,38750,41400,38350,40900,1423135
086520,1748444400000,41100,44250,40100,43050,2143367
086520,1748530800000,42700,43200,41450,42800,1271592
086520,1748790000000,42900,44700,41900,42100,882100
086520,1748962800000,43050,45100,43050,43700,1327121
086520,1749049200000,43800,45750,43050,45350,908761
086520,1749394800000,44850,45250,43550,44300,675804
086520,1749481200000,44800,45000,43600,44200,535924
086520,1749567600000,44550,45350,44150,44450,613754
086520,1749654000000,44250,46500,44250,44800,1236590
086520,1749740400000,44550,44700,42550,42850,707979
086520,1749999600000,42150,43100,41550,42100,452980
086520,1750086000000,42350,43000,41400,41550,560646
086520,1750172400000,41700,42750,41500,41800,460963
086520,1750258800000,42200,42550,41100,41300,515442
086520,1750345200000,41400,44800,41000,44250,1571903
086520,1750604400000,43000,43350,42100,42850,649456
086520,1750690800000,44300,50500,44300,48900,3519746
086520,1750777200000,48450,48650,47350,48000,970352
086520,1750863600000,48900,49100,46850,47350,787823
086520,1750950000000,47300,47500,44650,44950,807129
086520,1751209200000,45250,46300,44650,45150,584486
086520,1751295600000,45250,46450,44750,45500,708583
086520,1751382000000,45150,45700,44700,45650,405636
086520,1751468400000,46350,48550,46050,48100,1347139
086520,1751554800000,47550,47700,46600,46850,557597
086520,1751814000000,47300,47850,45150,45200,566169
086520,1751900400000,45200,45900,44500,44900,448922
086520,1751986800000,45400,45800,44550,44800,381876
086520,1752073200000,45250,45350,44650,45300,460539
086520,1752159600000,45800,48250,45650,47200,1483975
086520,1752418800000,47800,49300,46400,47800,970963
086520,1752505200000,47650,48100,47000,47200,515420
086520,1752591600000,47000,47450,46050,46100,374233
086520,1752678000000,47150,48300,46200,46600,627501
086520,1752764400000,47500,49550,47350,48450,2148618
086520,1753023600000,48650,50200,48300,49600,1147605
086520,1753110000000,50200,50300,47650,47700,878043
086520,1753196400000,48700,48750,46800,48000,520211
086520,1753282800000,48100,49400,47900,48750,675847
086520,1753369200000,48600,52400,48100,50800,2119639
086520,1753628400000,51400,52800,50300,51900,1138592
086520,1753714800000,51000,51000,49900,49900,721467
086520,1753801200000,49950,51600,49500,51000,765856
086520,1753887600000,52100,52100,49000,49300,963424
086520,1753974000000,48750,49950,47650,47700,657619
086520,1754233200000,48250,48700,47450,48000,326479
086520,1754319600000,48400,53800,48400,52100,2182627
086520,1754406000000,52400,53800,51000,51900,1360405
086520,1754492400000,52600,52600,51000,51900,476041
086520,1754578800000,52000,53000,51700,52000,488052
086520,1754838000000,53000,54900,53000,54500,1430799
086520,1754924400000,53800,59400,53400,57100,2793008
086520,1755010800000,58500,58500,56600,57200,803481
086520,1755097200000,57700,59000,57200,58600,924021
086520,1755442800000,59000,59400,56100,56100,736504
086520,1755529200000,56800,57800,55600,56500,612230
086520,1755615600000,54700,56700,54600,55100,604280
086520,1755702000000,55200,55300,53600,54300,546866
086520,1755788400000,53900,54500,53300,53700,311691
086520,1756047600000,55100,55900,54400,55200,441214
086520,1756134000000,55300,55700,54700,55500,455783
086520,1756220400000,55900,57100,54800,55000,580856
086520,1756306800000,55500,55700,52500,52500,731061
086520,1756393200000,52600,52700,50500,50600,688283
086520,1756652400000,50200,51100,49700,49900,369736
086520,1756738800000,50300,50400,49450,50300,291163
086520,1756825200000,50100,50400,49700,49900,250529
086520,1756911600000,51200,51200,49900,50100,310131
086520,1756998000000,50600,50700,49750,49800,304167
086520,1757257200000,49000,50300,49000,49600,319023
086520,1757343600000,49750,50100,49300,49600,332898
086520,1757430000000,49350,49550,48300,49200,736840
086520,1757516400000,49300,49500,48550,48600,781656
086520,1757602800000,49250,49650,49100,49100,807056
086520,1757862000000,49800,50800,49500,49500,762016
086520,1757948400000,50300,50500,49200,49200,738049
086520,1758034800000,49550,50400,49150,49750,455056
086520,1758121200000,50000,50600,49350,50600,458044
086520,1758207600000,50500,50600,49750,49750,449408
086520,1758466800000,49850,50500,49550,49550,358570
086520,1758553200000,49750,49950,49250,49650,374300
086520,1758639600000,50300,50500,48300,48550,521001
086520,1758726000000,48800,50200,48800,50100,526692
086520,1758812400000,49500,49550,48050,48100,472959
086520,1759071600000,48700,48700,47600,48400,315622
086520,1759158000000,48200,48250,47450,47450,320641
086520,1759244400000,47650,47850,46900,47200,333265
086520,1759330800000,47450,48250,47350,47350,455731
086520,1760022000000,47350,47450,46000,46550,591058
086520,1760281200000,45900,49150,45550,48600,817657
086520,1760367600000,49000,51100,48500,50400,1247871
086520,1760454000000,50500,50700,49550,50600,439055
086520,1760540400000,50700,57700,50400,57700,2693674
086520,1760626800000,61600,73900,59400,73300,11077590
086520,1760886000000,74800,80300,70700,77700,7848219
086520,1760972400000,77200,81700,74100,75900,4655287
086520,1761058800000,79800,88500,78700,87400,7354068
086520,1761145200000,87200,87200,81500,81500,2106961
086520,1761231600000,83900,89100,83900,88300,2405485
086520,1761490800000,91300,94100,89700,93800,2529060
086520,1761577200000,96700,98400,90300,97200,3167748
086520,1761663600000,95500,95800,91500,93100,1769813
086520,1761750000000,92700,98700,89000,89200,2829987
086520,1761836400000,86800,92300,86500,88000,2076158
086520,1762095600000,91400,96000,88100,94800,2687046
086520,1762182000000,100000,102400,94300,95700,2905365
086520,1762268400000,92800,96300,87300,92800,6536141
086520,1762354800000,97000,100900,93100,93200,5661883
086520,1762441200000,90400,94800,87100,87200,3748283
086520,1762700400000,88400,89800,82900,87900,4222485
086520,1762786800000,89300,99800,89100,94100,12469599
086520,1762873200000,95500,95900,92400,93600,2934215
086520,1762959600000,92400,95900,91700,94700,3328565
086520,1763046000000,91300,93800,89700,89900,2562326
086520,1763305200000,91200,92000,87300,88200,2118696
086520,1763391600000,88800,90100,81600,81600,3490767
086520,1763478000000,81700,83100,78700,79300,2668789
086520,1763564400000,81200,85600,80600,83100,2748517
086520,1763650800000,78500,81900,78500,78800,1613229
086520,1763910000000,79700,80000,74100,75300,2486630
086520,1763996400000,78000,78700,74700,75200,1687724
086520,1764082800000,76600,84100,76000,83500,3702745
086520,1764169200000,83900,85100,81800,81900,1946496
086520,1764255600000,84500,86000,82500,84500,2316467
086520,1764514800000,86800,95000,86300,93000,8010476
086520,1764601200000,93000,95600,90000,94100,4631955
086520,1764687600000,94400,96200,92600,93400,2377262
086520,1764774000000,93800,94700,91000,91500,2051894
086520,1764860400000,90500,99000,90400,96900,8523311
086520,1765119600000,99700,119000,99000,117500,19608074
086520,1765206000000,114600,119600,112900,117800,7636333
086520,1765292400000,120200,121600,115500,116800,5816960
086520,1765378800000,117500,118200,112500,112800,4019192
086520,1765465200000,113500,116400,108500,111400,4218295
086520,1765724400000,108600,112400,108100,110200,2409445
086520,1765810800000,110200,110300,100700,101300,3953462
086520,1765897200000,102900,107700,100700,103300,3654517
086520,1765983600000,99200,101700,98300,98400,2739251
086520,1766070000000,99700,100000,92100,96800,5129836
086520,1766329200000,97700,100000,96000,98000,2277043
086520,1766415600000,99000,99100,96000,97300,1487391
086520,1766502000000,98300,99900,97050,97300,1784169
086520,1766674800000,97500,100800,95300,97000,2388776
086520,1766934000000,94700,100300,93500,96900,2671495
086520,1767020400000,95100,95200,90500,90800,2856805
086520,1767279600000,89900,91700,87800,88300,1792900
086520,1767538800000,87000,91500,87000,89900,1813119
086520,1767625200000,95800,96000,91600,93200,1874200
086520,1767711600000,93500,96000,91600,92500,1261733
086520,1767798000000,93400,94800,91500,91600,1071272
086520,1767884400000,92900,93000,88000,88000,1595043
086520,1768143600000,87100,95500,87100,93800,3085608
086520,1768230000000,95300,97600,92600,97300,1930443
086520,1768316400000,97300,97400,93300,94200,1228861
086520,1768402800000,93600,95500,92600,94700,1164784
086520,1768489200000,94900,96000,91800,92600,1150134
086520,1768748400000,91400,95900,91000,95000,1854083
086520,1768834800000,95300,101000,94500,98300,3536949
086520,1768921200000,95400,97400,93300,95100,1690839
086520,1769007600000,96800,107300,95500,105000,6816773
086520,1769094000000,109700,109700,100500,105900,3553071
086520,1769353200000,109200,130300,108400,130200,14466132
086520,1769439600000,126800,140000,126100,138400,11468680
086520,1769526000000,139700,169800,139600,168600,16902593
086520,1769612400000,174800,182700,158700,172000,9935241
086520,1769698800000,171100,173000,162200,162500,4558463
086520,1769958000000,164800,176600,159100,162500,7627888
086520,1770044400000,170100,170300,160300,169800,3998633
086520,1770130800000,168400,184500,168000,175800,5710647
086520,1770217200000,175000,180500,163100,167500,3473833
086520,1770303600000,158600,162700,153400,155800,3372413
086520,1770562800000,162200,165400,152000,159300,3691114
086520,1770649200000,160200,164500,155400,156000,1951145
086520,1770735600000,156600,157300,152100,152500,1350060
086520,1770822000000,153600,156600,150200,155500,1913737
086520,1770908400000,152200,154600,148600,150400,1574395
086520,1771426800000,151700,173800,149000,172300,6082106
086520,1771513200000,175500,175600,168400,171300,2255550
086520,1771772400000,180000,183700,167000,169300,3460369
086520,1771858800000,173000,175000,168100,169900,2166422
086520,1771945200000,172300,179100,169200,175200,2708728
086520,1772031600000,178400,190000,175000,184200,5750749
086520,1772118000000,180500,188000,179000,185000,2792329
086520,1772463600000,179000,189400,164000,164000,5198938
086520,1772550000000,154300,164200,133500,133800,5066264
086520,1772636400000,153500,168800,152000,160800,4321845
086520,1772722800000,161800,173700,159500,170000,3744596
086520,1772982000000,160400,167300,155200,163800,2602659
086520,1773068400000,174600,174900,161200,164500,2767637
086520,1773154800000,167900,169850,159000,161600,1729110
086520,1773241200000,159100,162100,156300,158000,1450674
086520,1773327600000,151300,153700,150500,150500,1443712
086520,1773586800000,150700,152600,143200,145900,1435565
086520,1773673200000,151900,154100,148500,149300,1146086
086520,1773759600000,154000,154500,151400,154000,955316
086520,1773846000000,149900,155000,149100,151100,925314
086520,1773932400000,152600,153300,150200,150900,828725
086520,1774191600000,145100,145900,139500,139600,1089923
086520,1774278000000,148200,152300,144600,149000,1448601
086520,1774364400000,151400,154300,148900,151300,975936
086520,1774450800000,149600,152500,145700,146000,853927
086520,1774537200000,141100,150900,138500,149000,1463855
086520,1774796400000,141600,150000,141500,146700,969231
086520,1774882800000,148900,149300,139400,139500,1534387
086520,1774969200000,148000,151000,146100,149100,969151
086520,1775055600000,151200,155200,140800,142400,1867870
086520,1775142000000,145600,146500,139700,141500,827157
086520,1775401200000,141900,147800,141900,143000,955482
086520,1775487600000,144500,155100,143200,144800,1853180
086520,1775574000000,153200,153900,149100,153100,1297197
086520,1775660400000,153200,153800,148500,148900,1109507
086520,1775746800000,150600,151000,146400,146400,938905
086520,1776006000000,146000,148100,143700,143700,822112
086520,1776092400000,147900,148000,144100,144200,597615
086520,1776178800000,147500,151400,146100,147900,1177460
086520,1776265200000,151000,152300,148500,149200,675684
086520,1776351600000,150400,154000,149300,151900,1208127
086520,1776610800000,151200,160400,150000,155600,2101951
086520,1776697200000,159700,164800,157100,163700,2443999
086520,1776783600000,166600,166700,158300,164300,1874518
086520,1776870000000,164400,165100,154200,157200,1550258
086520,1776956400000,157500,159700,154100,156600,1045704
086520,1777215600000,157600,158900,154400,156400,934570
086520,1777302000000,160600,166200,158700,161500,1907246
086520,1777388400000,159800,162000,156600,159900,1129287
086520,1777474800000,160100,160200,152800,152900,1215563
086520,1777820400000,155800,158500,154100,155800,959614
086520,1777993200000,157500,163300,155900,162800,1946755
086520,1778079600000,161700,165800,158300,159700,1806206
086520,1778166000000,158200,162000,151700,155000,1376571
086520,1778425200000,154100,154300,145900,146400,1506499
086520,1778511600000,147600,151300,136400,139700,2050230
086520,1778598000000,138000,139400,132700,135000,1299726
086520,1778684400000,141900,142300,134500,142300,1252745
086520,1778770800000,140600,144800,126100,129200,1869135
086520,1779030000000,126500,129100,121100,126800,1397434
086520,1779116400000,127600,129400,119800,121600,1137823
086520,1779202800000,119500,120900,115000,118700,1164989
086520,1779289200000,122700,132700,121500,129800,1210017
086520,1779375600000,133800,151700,132100,146500,3727417
086520,1779721200000,151300,157700,146700,147000,1956359
086520,1779807600000,144700,154200,142700,142900,2172329
086520,1779894000000,147800,147900,136000,144700,1653123
086520,1779980400000,143800,143800,138100,139000,1982448
086520,1780239600000,136000,137500,130100,130400,1582703
086520,1780326000000,128800,138200,126900,127600,2079570
086520,1780498800000,131300,138000,128400,128800,1370143
086520,1780585200000,128900,129100,118500,118500,1023316
086520,1780844400000,108400,109400,104300,105200,1221353
086520,1780930800000,105200,111500,104000,107400,1488377
086520,1781017200000,106300,110900,102500,105900,1058982
086520,1781103600000,102600,108800,99700,108800,1638369
086520,1781190000000,115600,120100,112400,115700,1267139
086520,1781449200000,121300,124000,119300,124000,775428
086520,1781535600000,124100,125500,121200,122600,649749
086520,1781622000000,123800,123900,120700,122800,549734
086520,1781708400000,122200,123000,115100,117500,866170
086520,1781794800000,117600,119800,112500,116000,1237383
086520,1782054000000,116100,117100,113300,114700,92132
247540,1696345200000,249500,249500,234000,235000,1012455
247540,1696431600000,239000,243000,232500,233500,674090
247540,1696518000000,232500,239000,232500,235500,351511
247540,1696863600000,235500,237500,221000,223000,856672
247540,1696950000000,228500,247500,225500,243500,991492
247540,1697036400000,249000,261000,245000,254000,1136493
247540,1697122800000,253500,257500,243000,246000,869053
247540,1697382000000,234000,247000,233000,242500,911320
247540,1697468400000,247500,261500,245500,249000,970967
247540,1697554800000,246500,257500,244000,249500,611962
247540,1697641200000,242000,245500,238000,239500,679263
247540,1697727600000,234500,237500,224500,233500,1083331
247540,1697986800000,232500,240000,227500,231000,707846
247540,1698073200000,233500,236500,220500,233500,1094510
247540,1698159600000,234000,234000,213000,213000,1279210
247540,1698246000000,199900,209000,198400,199600,1598617
247540,1698332400000,200500,211000,196400,203500,1219202
247540,1698591600000,201000,214000,199600,212000,744013
247540,1698678000000,211500,211500,195000,196200,1012456
247540,1698764400000,198900,202000,187600,188600,1012178
247540,1698850800000,193700,217000,192300,217000,1416982
247540,1698937200000,226500,235000,216500,230000,1917715
247540,1699196400000,270500,299000,260500,299000,3967285
247540,1699282800000,306500,320000,263000,284500,4786379
247540,1699369200000,272000,283500,253500,255500,1790087
247540,1699455600000,259000,261000,237500,248500,1773521
247540,1699542000000,240000,241500,233000,233000,853321
247540,1699801200000,239000,240000,225000,227000,928068
247540,1699887600000,233000,254500,230000,249000,1460540
247540,1699974000000,268000,272000,244500,250000,1618135
247540,1700060400000,248000,257000,239500,242500,1023370
247540,1700146800000,237500,241000,230000,238000,901372
247540,1700406000000,236000,254000,235000,251000,1068545
247540,1700492400000,252000,252500,241000,245500,913147
247540,1700578800000,243000,248000,237500,239500,651438
247540,1700665200000,239500,245000,236500,243500,419964
247540,1700751600000,245000,249500,242000,243000,444715
247540,1701010800000,245000,245500,238000,241000,464771
247540,1701097200000,241500,252000,239000,244500,704248
247540,1701183600000,248500,271000,244500,269500,1594422
247540,1701270000000,261000,277000,258000,274000,1518780
247540,1701356400000,269500,287500,259000,280000,2131345
247540,1701615600000,320000,354000,307500,323000,6062155
247540,1701702000000,312000,331000,303000,308500,2233869
247540,1701788400000,308500,321000,297500,301000,1430188
247540,1701874800000,312000,312500,291500,301500,1395977
247540,1701961200000,304500,315000,299000,313000,1149679
247540,1702220400000,315000,328000,310500,319000,1208426
247540,1702306800000,316000,332000,314500,329000,1171359
247540,1702393200000,321000,325000,310000,312000,1264683
247540,1702479600000,324000,325000,314500,320000,1418618
247540,1702566000000,324000,328500,318000,318000,1328029
247540,1702825200000,327000,335500,321000,322000,1881631
247540,1702911600000,322500,323000,314000,318000,1019914
247540,1702998000000,321500,322000,316000,318500,582685
247540,1703084400000,314000,325000,303000,306000,1344971
247540,1703170800000,308500,311000,293500,294500,834654
247540,1703516400000,290500,295500,281000,284000,978199
247540,1703602800000,288000,299500,284500,290500,879540
247540,1703689200000,289000,290500,281500,288000,557312
247540,1704121200000,288000,293000,282000,283500,441580
247540,1704207600000,278000,280000,271000,271500,639495
247540,1704294000000,265500,279000,265000,279000,611803
247540,1704380400000,282000,319500,274000,315000,3123118
247540,1704639600000,318000,323000,307000,315500,1321504
247540,1704726000000,317000,318500,303000,304000,791727
247540,1704812400000,300500,305500,291000,293500,791460
247540,1704898800000,293500,313500,293500,306000,1242703
247540,1704985200000,301500,309000,295000,304000,648041
247540,1705244400000,298000,306000,288500,292500,802958
247540,1705330800000,286000,300000,284500,296500,633626
247540,1705417200000,294000,296500,282000,282000,775134
247540,1705503600000,281000,302000,280500,289000,1149526
247540,1705590000000,293000,296000,274500,278500,1064874
247540,1705849200000,273500,276000,248000,248000,1825800
247540,1705935600000,245500,257500,238000,239500,1233895
247540,1706022000000,241500,244500,232000,239000,808713
247540,1706108400000,234000,234500,224000,227000,1094625
247540,1706194800000,222000,246500,221500,244000,1373958
247540,1706454000000,247500,248000,225000,227000,1552920
247540,1706540400000,233000,236000,219000,220000,1455093
247540,1706626800000,217000,222500,213500,213500,810765
247540,1706713200000,213500,228500,211000,228000,1010740
247540,1706799600000,230500,232000,222500,229000,905402
247540,1707058800000,226500,228500,221500,224500,434759
247540,1707145200000,220000,221000,216000,216000,771192
247540,1707231600000,226000,250000,225500,230500,2845259
247540,1707318000000,238000,249000,231500,243500,1499991
247540,1707750000000,243500,248000,235500,240000,1101830
247540,1707836400000,234000,248000,227500,243500,930391
247540,1707922800000,249500,256500,241500,253000,951210
247540,1708009200000,262000,262500,253000,254000,823032
247540,1708268400000,247000,252500,243000,244000,610835
247540,1708354800000,240000,254000,235000,253500,994910
247540,1708441200000,249000,255500,246000,249000,657216
247540,1708527600000,249500,253000,246000,249500,447068
247540,1708614000000,249500,252500,243500,247500,441153
247540,1708873200000,245000,249500,242000,242000,449148
247540,1708959600000,244500,248500,235500,236500,701468
247540,1709046000000,256000,273000,254000,256000,3637396
247540,1709132400000,259000,266500,250500,266500,1114075
247540,1709478000000,265500,271500,264000,270000,1016547
247540,1709564400000,262500,264500,253000,255500,1035646
247540,1709650800000,251500,257000,249000,249500,577892
247540,1709737200000,251000,257000,246500,250500,552040
247540,1709823600000,250500,252500,243500,247000,576953
247540,1710082800000,245000,249000,244000,245000,354673
247540,1710169200000,247500,262000,247000,262000,1070068
247540,1710255600000,263000,265500,258000,264500,682265
247540,1710342000000,261000,266500,255500,266500,998393
247540,1710428400000,262000,262500,256500,256500,493068
247540,1710687600000,257000,268000,257000,268000,678264
247540,1710774000000,271500,278000,264000,271500,1016973
247540,1710860400000,271000,274500,264500,265000,603154
247540,1710946800000,270000,280500,268000,276000,1131930
247540,1711033200000,277500,280000,273000,277000,528708
247540,1711292400000,280000,296500,278000,291000,1527123
247540,1711378800000,294500,296000,287000,292500,844487
247540,1711465200000,291500,298500,285000,287500,861359
247540,1711551600000,287500,289500,276000,277500,680977
247540,1711638000000,275500,280000,269500,274000,617611
247540,1711897200000,272000,280000,270500,270500,460008
247540,1711983600000,270000,272500,260500,261500,679991
247540,1712070000000,253500,257500,245000,245500,1079181
247540,1712156400000,248500,251000,236000,246500,859930
247540,1712242800000,243000,248500,239000,239500,442108
247540,1712502000000,232000,245000,225500,240500,1097858
247540,1712588400000,244500,248000,235000,236500,611609
247540,1712761200000,230000,239000,229500,239000,569787
247540,1712847600000,240500,240500,228000,228500,553362
247540,1713106800000,222500,233500,222000,228000,538285
247540,1713193200000,224500,226500,220000,220500,491631
247540,1713279600000,221500,224000,215000,215000,477126
247540,1713366000000,217500,230500,217000,229000,642403
247540,1713452400000,225500,231000,222000,227500,468724
247540,1713711600000,233500,242000,232500,240000,694496
247540,1713798000000,236000,241500,233000,233500,445260
247540,1713884400000,243000,249500,239000,245500,810487
247540,1713970800000,241000,242500,233500,234000,590430
247540,1714057200000,237000,239000,230500,236000,371441
247540,1714316400000,234500,239000,232000,239000,344677
247540,1714402800000,246000,246000,237000,238500,408521
247540,1714575600000,236500,237500,233000,233000,247321
247540,1714662000000,236500,239000,223500,226000,641296
247540,1715007600000,226500,228500,222000,223000,525423
247540,1715094000000,222000,224000,219000,223000,391153
247540,1715180400000,221000,222000,216500,220500,465377
247540,1715266800000,220000,222500,217500,217500,316039
247540,1715526000000,218000,219000,210000,210500,459634
247540,1715612400000,210500,215500,210000,210500,451281
247540,1715785200000,211000,216500,208000,216000,551906
247540,1715871600000,216500,220000,212500,212500,433809
247540,1716130800000,214000,215000,210500,213000,267962
247540,1716217200000,211500,212000,202500,203500,560921
247540,1716303600000,206500,209000,203000,204000,308921
247540,1716390000000,202000,205000,199800,202500,366376
247540,1716476400000,199900,201500,195800,196200,595244
247540,1716735600000,196800,209500,193600,208500,929113
247540,1716822000000,207000,207000,198500,198600,682776
247540,1716908400000,196300,197300,187500,187500,1007809
247540,1716994800000,185300,190400,184000,185800,751107
247540,1717081200000,186300,191300,181500,191300,1058322
247540,1717340400000,189400,192000,187500,188000,582389
247540,1717426800000,187100,194600,187000,191200,706551
247540,1717513200000,191500,208000,190400,203000,1100996
247540,1717686000000,208000,224000,202000,222000,1568844
247540,1717945200000,219000,221500,209000,215500,949785
247540,1718031600000,216500,221500,211500,213500,625302
247540,1718118000000,211500,215500,205500,209500,543357
247540,1718204400000,213500,214500,206000,209000,777900
247540,1718290800000,209000,209000,199600,200500,699689
247540,1718550000000,195300,201000,193800,198900,547470
247540,1718636400000,201000,203000,191300,191600,710704
247540,1718722800000,189500,196600,188500,194100,724891
247540,1718809200000,194200,199000,187500,188100,823551
247540,1718895600000,187900,193600,186600,186600,646780
247540,1719154800000,185400,186600,182100,182100,518734
247540,1719241200000,182500,184700,179200,179300,463562
247540,1719327600000,180300,181500,176800,178400,437439
247540,1719414000000,181000,184700,178000,178000,420147
247540,1719500400000,178000,186000,175200,183000,558335
247540,1719759600000,187500,188600,182100,188500,509498
247540,1719846000000,190900,190900,182500,182500,384792
247540,1719932400000,185500,194600,185500,191000,954589
247540,1720018800000,195000,196600,188700,189000,527747
247540,1720105200000,189100,191800,185700,190100,357510
247540,1720364400000,188800,202000,187000,198600,964629
247540,1720450800000,199000,201000,192600,193800,508406
247540,1720537200000,193500,196200,189500,189500,402279
247540,1720623600000,191000,195500,189000,189000,547890
247540,1720710000000,187500,195700,187100,195700,575362
247540,1720969200000,195700,195700,188800,194400,535544
247540,1721055600000,192800,193200,183000,183200,551866
247540,1721142000000,181500,184900,178400,179000,415403
247540,1721228400000,178000,186500,177000,182200,547368
247540,1721314800000,181900,194000,181700,194000,623889
247540,1721574000000,192700,192700,181100,181100,569845
247540,1721660400000,182500,184300,178200,179000,393683
247540,1721746800000,177500,184100,175600,178600,360681
247540,1721833200000,174600,184500,170600,180900,972513
247540,1721919600000,181300,182200,173600,174000,403715
247540,1722178800000,174200,178700,171700,178200,353401
247540,1722265200000,177100,190000,176100,187500,927485
247540,1722351600000,185300,187300,179200,179900,626382
247540,1722438000000,180000,186600,170800,185100,1167499
247540,1722524400000,180400,191200,179600,185900,724626
247540,1722783600000,184400,188900,164000,164900,1150660
247540,1722870000000,171000,183000,170000,181000,897262
247540,1722956400000,177700,182600,174200,174200,581172
247540,1723042800000,171200,176800,165000,166400,842757
247540,1723129200000,170500,182600,169000,179200,1093221
247540,1723388400000,179700,183600,177800,180000,374793
247540,1723474800000,178300,185600,175500,180400,560693
247540,1723561200000,185100,189400,181600,186000,562104
247540,1723734000000,189700,191900,182100,182100,508852
247540,1723993200000,181300,182700,172000,172400,621823
247540,1724079600000,174700,176300,170200,171600,486336
247540,1724166000000,171300,181400,171300,176300,779994
247540,1724252400000,177600,181800,175900,180900,583764
247540,1724338800000,178000,178900,172600,174000,622358
247540,1724598000000,175500,179100,171700,173800,543665
247540,1724684400000,173800,175200,170000,170100,614348
247540,1724770800000,171000,171500,165000,165100,644737
247540,1724857200000,163100,170200,163100,168500,525714
247540,1724943600000,168800,170600,167200,168300,381398
247540,1725202800000,169000,183700,168900,181800,1625882
247540,1725289200000,182500,182700,174400,174500,686180
247540,1725375600000,169700,175500,168000,170300,585304
247540,1725462000000,172700,173100,166000,167100,515241
247540,1725548400000,168500,169700,157500,158100,733467
247540,1725807600000,155900,157200,151100,151600,703185
247540,1725894000000,152500,154500,148700,148700,482397
247540,1725980400000,149500,160700,149500,153700,864741
247540,1726066800000,157000,165000,155000,157300,1238778
247540,1726153200000,158500,160400,153600,159100,521286
247540,1726671600000,161100,162000,155700,158100,366905
247540,1726758000000,161300,164000,159800,160800,506516
247540,1727017200000,159800,169400,158900,169400,585588
247540,1727103600000,171500,182500,170700,180200,1112942
247540,1727190000000,181900,184300,177600,178800,655475
247540,1727276400000,179100,189600,177000,189600,832170
247540,1727362800000,188200,192000,185600,190400,640252
247540,1727622000000,193000,193900,184500,184500,695961
247540,1727794800000,183400,192800,182500,190100,626291
247540,1727967600000,190100,192900,183400,183400,602272
247540,1728226800000,185800,194000,184500,192700,761883
247540,1728313200000,190700,193700,188400,193000,482782
247540,1728486000000,194400,194500,186000,186300,867580
247540,1728572400000,186500,190200,180600,180900,503426
247540,1728831600000,178600,180000,175100,175900,437477
247540,1728918000000,176600,180000,170000,171100,551830
247540,1729004400000,172300,172900,168100,169000,366010
247540,1729090800000,168900,170900,166400,166400,332780
247540,1729177200000,165200,167400,162000,163100,391228
247540,1729436400000,163100,165700,162500,164900,298968
247540,1729522800000,163700,164800,156600,156700,478346
247540,1729609200000,156200,163200,155000,162200,449063
247540,1729695600000,165000,165400,156500,156600,456927
247540,1729782000000,160400,163400,155500,157600,349054
247540,1730041200000,159200,172000,159100,172000,810783
247540,1730127600000,169300,174300,167500,173800,485945
247540,1730214000000,172800,176200,169400,170200,381830
247540,1730300400000,168300,174900,166000,170500,924023
247540,1730386800000,166200,174000,163000,169700,521486
247540,1730646000000,172000,189100,168500,182000,1677902
247540,1730732400000,180300,183100,178200,178500,428026
247540,1730818800000,182100,182800,162000,163100,1401358
247540,1730905200000,162800,164500,156100,159100,818298
247540,1730991600000,162100,167200,160400,160600,559098
247540,1731250800000,161000,164700,152100,152700,661237
247540,1731337200000,154400,157600,151000,152900,640626
247540,1731423600000,152800,154000,143200,144300,796596
247540,1731510000000,145000,147000,133200,135100,1117417
247540,1731596400000,129900,130800,120400,124500,1502075
247540,1731855600000,124700,129100,122100,127500,813884
247540,1731942000000,127000,128500,122900,128000,510489
247540,1732028400000,127700,132100,125700,129800,448887
247540,1732114800000,129400,134300,128300,132300,484977
247540,1732201200000,133200,137900,132000,135400,440799
247540,1732460400000,136200,143700,135300,141900,672828
247540,1732546800000,143500,148700,139300,140200,837516
247540,1732633200000,140800,142200,134600,135200,462950
247540,1732719600000,140400,146600,138200,144400,1015040
247540,1732806000000,144400,144400,135200,135200,603689
247540,1733065200000,137300,142100,135600,137500,490295
247540,1733151600000,137700,139800,135000,138000,400960
247540,1733238000000,134000,137500,131200,134100,590011
247540,1733324400000,135000,135900,128800,128900,368463
247540,1733410800000,128800,132000,125000,129400,504716
247540,1733670000000,127700,131700,126000,128800,605939
247540,1733756400000,131400,133700,129300,131000,474551
247540,1733842800000,131000,137200,129800,131200,566257
247540,1733929200000,133400,136900,128800,134900,823795
247540,1734015600000,134200,135000,131000,131000,488351
247540,1734274800000,132000,133100,128200,128200,469683
247540,1734361200000,129000,129200,118200,118200,1088032
247540,1734447600000,119100,121100,118500,120000,598089
247540,1734534000000,117300,122000,116500,118600,586245
247540,1734620400000,119600,120400,113200,114100,634148
247540,1734879600000,115000,115900,108900,114800,672328
247540,1734966000000,115300,121000,114800,115300,753672
247540,1735138800000,116100,116300,109400,109900,647305
247540,1735225200000,109900,112300,106600,108000,652732
247540,1735484400000,107900,111500,107500,109900,399730
247540,1735743600000,110400,110900,105000,105500,459369
247540,1735830000000,105600,115200,105600,113000,910881
247540,1736089200000,114100,118100,113000,117000,553990
247540,1736175600000,116900,119400,115300,116000,482373
247540,1736262000000,115300,121000,114700,120500,629605
247540,1736348400000,120300,131600,116600,131600,1001082
247540,1736434800000,125900,125900,120200,120200,808144
247540,1736694000000,119500,121800,118100,118100,382089
247540,1736780400000,119700,131000,119200,127300,1058155
247540,1736866800000,127600,136000,126700,129300,965131
247540,1736953200000,134700,136600,130900,131300,676789
247540,1737039600000,130000,134600,128100,130100,570430
247540,1737298800000,132500,139600,132300,138000,1315555
247540,1737385200000,135200,138500,123300,126100,1852672
247540,1737471600000,126800,132400,126800,130600,860437
247540,1737558000000,129300,133000,125800,131200,698157
247540,1737644400000,131200,133000,128600,129600,457720
247540,1738249200000,128000,133700,125900,131000,485819
247540,1738508400000,128200,128500,119000,119000,751464
247540,1738594800000,122100,126200,120200,120300,596140
247540,1738681200000,121100,125400,121100,123600,422903
247540,1738767600000,124200,126000,121400,122700,406803
247540,1738854000000,123400,130500,120800,121100,871007
247540,1739113200000,118600,121800,116800,120700,520316
247540,1739199600000,120900,124000,118600,120700,674615
247540,1739286000000,120600,123500,118500,121200,572381
247540,1739372400000,122800,134300,122700,131100,1977098
247540,1739458800000,129800,131400,125400,128000,948904
247540,1739718000000,128500,133700,127000,130600,936794
247540,1739804400000,131700,131700,128100,128400,506687
247540,1739890800000,128900,137400,128500,135200,1362738
247540,1739977200000,136600,140300,134100,135600,961534
247540,1740063600000,136700,139500,135300,137400,722478
247540,1740322800000,135800,141700,134400,140800,890021
247540,1740409200000,139500,139900,133100,133100,715115
247540,1740495600000,133000,141000,132700,138600,889786
247540,1740582000000,138600,139000,132800,134000,907540
247540,1740668400000,131200,131900,117000,119000,2490297
247540,1741014000000,117900,117900,111500,111900,1048865
247540,1741100400000,113100,115100,110700,112700,675537
247540,1741186800000,114600,118600,112700,112900,818758
247540,1741273200000,111300,117500,111300,116700,726487
247540,1741532400000,116800,123900,115500,123000,1004048
247540,1741618800000,117700,120400,117600,119000,609352
247540,1741705200000,120800,122100,119100,119400,542178
247540,1741791600000,121500,122200,115000,115600,866306
247540,1741878000000,115300,116300,111200,112500,685802
247540,1742137200000,113100,113700,110700,110800,526173
247540,1742223600000,111500,114100,110800,111300,542930
247540,1742310000000,111100,113400,110200,111900,466804
247540,1742396400000,114000,114400,112000,112900,546358
247540,1742482800000,112900,114300,108300,112000,740288
247540,1742742000000,113300,113300,107600,108300,407220
247540,1742828400000,109200,111100,107400,107500,313753
247540,1742914800000,108300,113100,107900,111400,482240
247540,1743001200000,109600,111000,108100,108200,220391
247540,1743087600000,108500,109300,103400,103500,427159
247540,1743346800000,100100,100900,95600,96200,730715
247540,1743433200000,97100,97800,94900,95700,553383
247540,1743519600000,96400,96800,90100,91300,634388
247540,1743606000000,87000,91900,87000,91100,484086
247540,1743692400000,89700,99800,89700,98100,878322
247540,1743951600000,94300,98700,92400,92600,472746
247540,1744038000000,95400,97100,93700,94800,370051
247540,1744124400000,93400,97400,92900,94700,504185
247540,1744210800000,102700,103700,99700,103500,832285
247540,1744297200000,100500,102500,98200,100300,378827
247540,1744556400000,100500,103600,100300,101800,306365
247540,1744642800000,101900,102200,99100,100000,257991
247540,1744729200000,100200,101700,96800,97400,242341
247540,1744815600000,97100,98900,96600,97500,323489
247540,1744902000000,97300,97300,95100,96500,184626
247540,1745161200000,95600,97700,94800,94900,161467
247540,1745247600000,94500,98000,93900,94600,198847
247540,1745334000000,96500,101400,96300,101200,432217
247540,1745420400000,102200,102700,99800,100800,233628
247540,1745506800000,102600,106300,100700,103500,364213
247540,1745766000000,105800,108900,104000,104500,378850
247540,1745852400000,105900,106500,99700,102400,613414
247540,1745938800000,102400,103100,100100,101500,465607
247540,1746111600000,101600,104800,99900,104500,371027
247540,1746543600000,104800,105300,99600,100600,400563
247540,1746630000000,100600,105500,99600,103800,686506
247540,1746716400000,102600,103900,97500,97800,505947
247540,1746975600000,98800,102500,98400,102300,467791
247540,1747062000000,104100,104100,98500,98800,341844
247540,1747148400000,98900,100300,95300,99400,462864
247540,1747234800000,98800,100000,97100,97200,171364
247540,1747321200000,97400,97800,94000,94300,257519
247540,1747580400000,93000,96100,92700,93700,250284
247540,1747666800000,94900,94900,87900,88300,497104
247540,1747753200000,88200,91000,87700,87900,292327
247540,1747839600000,88000,89200,84100,87600,425680
247540,1747926000000,88700,88800,83300,83600,335504
247540,1748185200000,83000,88200,82900,85500,423735
247540,1748271600000,84700,85100,81100,81200,386979
247540,1748358000000,82200,89800,81300,88800,759138
247540,1748444400000,89300,91300,86400,90000,416161
247540,1748530800000,89200,91200,86700,89700,440240
247540,1748790000000,90300,91500,87600,89000,294820
247540,1748962800000,90700,94200,90100,91700,445175
247540,1749049200000,91900,97900,90600,96200,434236
247540,1749394800000,95300,95800,91100,92400,400955
247540,1749481200000,93300,94000,91200,92200,349959
247540,1749567600000,93000,96700,93000,94900,447597
247540,1749654000000,94400,101100,94000,97500,1006498
247540,1749740400000,96800,96800,91800,92000,417317
247540,1749999600000,91700,92400,89400,90000,242857
247540,1750086000000,91000,93200,89200,89500,346708
247540,1750172400000,89400,93000,89300,90400,352682
247540,1750258800000,91600,93600,88900,90900,431652
247540,1750345200000,91300,102300,89800,102000,1793484
247540,1750604400000,99000,101100,96400,99200,608577
247540,1750690800000,104400,108100,103600,105200,1049993
247540,1750777200000,105500,106700,103100,105400,434792
247540,1750863600000,106800,107600,104200,105600,444257
247540,1750950000000,105300,106000,99600,100200,449791
247540,1751209200000,101000,104200,100100,100600,357579
247540,1751295600000,100700,104000,99700,102000,339853
247540,1751382000000,101000,103500,99900,103200,257953
247540,1751468400000,104400,108300,103600,106200,645885
247540,1751554800000,104200,105400,102400,104100,321107
247540,1751814000000,105100,106900,100300,100300,391749
247540,1751900400000,101100,103700,99900,100300,332805
247540,1751986800000,101600,103000,100000,100800,304380
247540,1752073200000,101600,103300,100600,101500,674476
247540,1752159600000,103100,106900,102300,105200,659029
247540,1752418800000,106900,106900,103200,105200,376451
247540,1752505200000,104700,106500,103600,105000,315129
247540,1752591600000,104600,105700,102600,102700,204020
247540,1752678000000,104100,105300,101300,102900,283178
247540,1752764400000,105200,116600,105000,112200,2128747
247540,1753023600000,111500,114000,110700,113400,490204
247540,1753110000000,114400,114400,108700,109100,410295
247540,1753196400000,111300,112000,107200,109300,292522
247540,1753282800000,109600,113800,108800,112000,496446
247540,1753369200000,112500,116900,111200,114600,614152
247540,1753628400000,114700,117300,112700,114700,405846
247540,1753714800000,112400,112500,108600,110000,494643
247540,1753801200000,110000,116500,109700,114400,541331
247540,1753887600000,118200,118300,109900,111100,524364
247540,1753974000000,109500,112300,107200,107300,331420
247540,1754233200000,108800,109800,106200,108000,217537
247540,1754319600000,109500,127900,109100,124500,3163401
247540,1754406000000,124700,133000,123100,125900,2110564
247540,1754492400000,127600,127600,122600,124800,548978
247540,1754578800000,124200,126000,123000,124100,321435
247540,1754838000000,126700,134500,125600,134000,1192273
247540,1754924400000,132900,142000,132100,134800,1510267
247540,1755010800000,138000,138200,134100,136500,595557
247540,1755097200000,137400,141000,136000,138800,759639
247540,1755442800000,137500,137600,131300,131300,485229
247540,1755529200000,132900,134100,129500,131900,528073
247540,1755615600000,128900,132900,128500,130200,368863
247540,1755702000000,130300,130900,128500,129800,248196
247540,1755788400000,129400,130100,127200,128200,253136
247540,1756047600000,131900,133400,129300,131800,321228
247540,1756134000000,131600,132400,130600,130800,218519
247540,1756220400000,131500,132400,130000,130400,229117
247540,1756306800000,131100,133000,126100,126700,379462
247540,1756393200000,126800,126900,121000,121200,506765
247540,1756652400000,119900,122800,119300,119900,228363
247540,1756738800000,120000,120450,117300,119700,327687
247540,1756825200000,119900,120500,117700,118300,213903
247540,1756911600000,121300,121700,117400,117900,288275
247540,1756998000000,118400,118700,116500,116600,208701
247540,1757257200000,115100,119400,115000,116400,289078
247540,1757343600000,116800,117900,116000,117900,236821
247540,1757430000000,116900,116900,113900,115800,559560
247540,1757516400000,116100,117000,115000,116900,434865
247540,1757602800000,119000,119500,117600,119000,352031
247540,1757862000000,120000,122000,119300,121000,379217
247540,1757948400000,121700,122500,120700,122300,335758
247540,1758034800000,122600,124700,121400,121700,355734
247540,1758121200000,122000,123600,120000,122900,309243
247540,1758207600000,121800,122400,118800,118800,468717
247540,1758466800000,119000,120600,117800,118100,281523
247540,1758553200000,118200,120700,117700,118700,289084
247540,1758639600000,120600,120700,115100,115200,348084
247540,1758726000000,115700,121500,115700,120400,603613
247540,1758812400000,118800,118900,115100,115100,326714
247540,1759071600000,116100,116700,114400,115400,253388
247540,1759158000000,114800,116000,112900,113000,277604
247540,1759244400000,113500,114300,112000,112600,205555
247540,1759330800000,113800,116500,113700,116300,442617
247540,1760022000000,116200,116500,112200,112300,438108
247540,1760281200000,111200,119700,109500,117800,658396
247540,1760367600000,118300,123800,117100,123700,890874
247540,1760454000000,125400,125500,121400,125200,443808
247540,1760540400000,125500,143000,124700,143000,1962739
247540,1760626800000,145500,167400,140400,161000,4990047
247540,1760886000000,158800,162800,153500,160300,1505696
247540,1760972400000,159000,166600,156600,159800,1310912
247540,1761058800000,161900,172000,160800,165200,1381288
247540,1761145200000,165600,166300,158900,159400,650815
247540,1761231600000,161500,174400,160800,172600,1653548
247540,1761490800000,179900,180000,169400,172900,5785264
247540,1761577200000,171700,174400,167000,174100,838564
247540,1761663600000,173200,174900,169000,171700,527687
247540,1761750000000,171800,176700,162400,162600,893321
247540,1761836400000,158000,164500,158000,160000,695197
247540,1762095600000,163600,165700,158600,164900,531734
247540,1762182000000,170800,170900,161000,161800,725702
247540,1762268400000,159000,161900,150500,157900,688684
247540,1762354800000,162100,164800,158000,158000,429277
247540,1762441200000,154100,158500,148600,151100,488367
247540,1762700400000,151400,154600,148600,153800,328529
247540,1762786800000,155400,162200,151300,153600,561388
247540,1762873200000,155600,157000,152300,155300,316121
247540,1762959600000,155200,160200,153200,160000,578111
247540,1763046000000,155100,156400,150300,150600,370728
247540,1763305200000,153400,157500,151000,154400,337973
247540,1763391600000,155000,155900,145000,145000,390511
247540,1763478000000,145000,146200,139300,143500,412954
247540,1763564400000,146200,148800,144700,145200,245476
247540,1763650800000,138400,141600,137600,138200,288050
247540,1763910000000,139900,140100,134200,138500,483265
247540,1763996400000,141600,143500,136500,137400,218794
247540,1764082800000,139200,150000,139200,150000,509226
247540,1764169200000,150700,150800,146800,147000,237991
247540,1764255600000,151900,154700,148000,149900,379604
247540,1764514800000,154100,163000,153800,158900,937384
247540,1764601200000,158800,159600,156000,159200,351622
247540,1764687600000,160000,160900,156600,156900,230829
247540,1764774000000,158200,164000,155700,157900,387314
247540,1764860400000,156900,162400,156900,159700,442403
247540,1765119600000,160900,174600,160100,173300,1641004
247540,1765206000000,170300,189000,169100,182100,2222927
247540,1765292400000,185300,185600,177900,179500,674670
247540,1765378800000,181500,181900,172500,173800,854760
247540,1765465200000,175000,176200,172500,176000,392230
247540,1765724400000,172400,179700,170300,179700,536214
247540,1765810800000,178900,179300,163500,165500,853073
247540,1765897200000,167500,169200,163200,165800,410948
247540,1765983600000,158200,160000,154000,154200,539839
247540,1766070000000,155800,157500,147700,155000,762795
247540,1766329200000,156800,159900,153500,158900,333968
247540,1766415600000,160000,160100,157000,158000,245633
247540,1766502000000,158800,161200,157000,157700,249357
247540,1766674800000,157900,160300,155200,156300,269772
247540,1766934000000,151500,158100,150300,156300,286734
247540,1767020400000,153900,154000,145500,146600,560716
247540,1767279600000,145000,145500,141400,141700,462810
247540,1767538800000,139300,148400,139200,145800,551111
247540,1767625200000,150400,150600,146500,148400,383139
247540,1767711600000,148300,153400,145300,146800,351759
247540,1767798000000,146800,150400,144200,146300,634042
247540,1767884400000,146200,146500,140800,141900,340906
247540,1768143600000,141100,151300,140300,151300,621211
247540,1768230000000,153500,155700,150300,155700,384550
247540,1768316400000,154700,155700,149700,149900,348414
247540,1768402800000,149900,151600,147300,150600,345964
247540,1768489200000,150000,151600,145500,145800,365913
247540,1768748400000,145000,154800,143800,154200,568539
247540,1768834800000,155200,162400,153300,160100,863013
247540,1768921200000,156600,163000,156000,160100,701320
247540,1769007600000,163000,173900,161600,172400,1614324
247540,1769094000000,176700,177000,167200,174300,1003581
247540,1769353200000,179000,209000,178200,209000,4265569
247540,1769439600000,201500,215500,200500,213500,1805235
247540,1769526000000,215000,230500,213500,229000,2870049
247540,1769612400000,245000,260000,228500,246000,3368789
247540,1769698800000,250000,256000,232000,232000,2288279
247540,1769958000000,227000,235500,212000,214500,1896374
247540,1770044400000,225000,225000,212000,219000,1076313
247540,1770130800000,217500,231000,216000,222500,1082553
247540,1770217200000,218500,221500,206000,211500,974505
247540,1770303600000,200000,204000,193300,198200,1121283
247540,1770562800000,204000,207000,197500,206500,899864
247540,1770649200000,207000,213000,201000,202000,447491
247540,1770735600000,203500,207500,199900,200000,369839
247540,1770822000000,201500,207500,198500,207000,575581
247540,1770908400000,203000,205000,195000,196100,817275
247540,1771426800000,199300,215500,197050,214000,1095763
247540,1771513200000,217500,217500,209000,214000,416915
247540,1771772400000,218500,222500,207500,209500,557503
247540,1771858800000,211500,214500,207000,213500,472468
247540,1771945200000,216000,220000,210750,216000,556738
247540,1772031600000,221500,224500,214000,219500,855441
247540,1772118000000,214000,225000,212500,221500,786277
247540,1772463600000,215500,224000,199500,199500,884982
247540,1772550000000,188200,198000,165600,165600,1517050
247540,1772636400000,183000,206000,183000,195400,1237046
247540,1772722800000,194600,205500,191300,202500,655517
247540,1772982000000,194800,206000,191000,202500,907354
247540,1773068400000,215500,215500,200000,203000,653625
247540,1773154800000,205500,207000,195500,197500,507330
247540,1773241200000,195000,200500,191600,197700,683785
247540,1773327600000,189000,191800,185300,191300,747253
247540,1773586800000,189700,192300,181300,187400,605477
247540,1773673200000,191300,196900,188400,193500,476351
247540,1773759600000,196900,197000,193500,196500,324967
247540,1773846000000,190200,196000,189500,189700,439588
247540,1773932400000,190800,193000,188800,191900,410787
247540,1774191600000,183800,184300,178300,179100,461538
247540,1774278000000,186800,196900,185700,193000,615748
247540,1774364400000,193400,204000,193200,203000,505161
247540,1774450800000,202000,207000,197400,198900,374921
247540,1774537200000,193900,206000,188700,202500,499114
247540,1774796400000,196500,206000,196300,203500,404454
247540,1774882800000,205000,205500,192200,192200,603090
247540,1774969200000,202000,204000,197500,202000,410700
247540,1775055600000,202500,211000,193700,196900,728719
247540,1775142000000,199500,200500,190000,192600,470485
247540,1775401200000,192600,204000,192600,199900,579226
247540,1775487600000,199700,211000,198700,201500,542160
247540,1775574000000,212500,214500,205000,208500,585119
247540,1775660400000,207500,209750,200000,206000,574238
247540,1775746800000,207000,207000,201500,201500,267837
247540,1776006000000,201500,204500,199000,199000,286581
247540,1776092400000,203500,204500,197700,197800,306781
247540,1776178800000,202000,206000,200000,202500,370153
247540,1776265200000,207000,209500,203000,205000,351483
247540,1776351600000,205500,211500,204000,208000,575204
247540,1776610800000,208000,213000,204500,210000,468514
247540,1776697200000,214000,220500,211000,220500,962694
247540,1776783600000,222500,222500,212500,218000,744134
247540,1776870000000,219000,219500,203500,205500,704169
247540,1776956400000,207500,209500,204000,208000,388962
247540,1777215600000,208500,210500,205000,207500,345978
247540,1777302000000,211000,216000,209000,213500,500672
247540,1777388400000,211000,219000,207500,212500,589037
247540,1777474800000,214000,214000,206000,206000,496622
247540,1777820400000,211500,218000,210000,215500,597043
247540,1777993200000,218000,229500,214000,228500,974039
247540,1778079600000,229500,243500,225500,235500,1140239
247540,1778166000000,235500,243500,228000,237500,629179
247540,1778425200000,236500,236500,218500,222000,829855
247540,1778511600000,223500,227000,203000,205500,992424
247540,1778598000000,203000,205000,194700,197100,666130
247540,1778684400000,205500,209000,195100,209000,807776
247540,1778770800000,208000,215500,188200,190500,825029
247540,1779030000000,191000,194500,184100,190400,577686
247540,1779116400000,192000,196600,181500,182400,580567
247540,1779202800000,181000,182800,174900,176700,557955
247540,1779289200000,183700,199400,182100,195000,560937
247540,1779375600000,200000,219750,200000,216000,1141061
247540,1779721200000,225000,235500,218000,220000,920419
247540,1779807600000,218000,227500,213000,213500,659252
247540,1779894000000,222500,223000,206500,218500,771344
247540,1779980400000,217500,217500,210000,217000,1318811
247540,1780239600000,215000,215000,205000,207000,662016
247540,1780326000000,203500,218000,197900,198000,867237
247540,1780498800000,201500,209000,196200,197400,656199
247540,1780585200000,197500,198000,180100,180100,772457
247540,1780844400000,170000,171400,158500,159700,651414
247540,1780930800000,161900,171800,160500,167600,663769
247540,1781017200000,166000,172700,161000,164500,536210
247540,1781103600000,159900,164300,155500,164300,898577
247540,1781190000000,172200,178600,168100,170000,642248
247540,1781449200000,178400,186500,176900,186500,510682
247540,1781535600000,185900,186400,179100,179500,472518
247540,1781622000000,182600,183100,177000,180000,361009
247540,1781708400000,178300,179400,170200,172300,516097
247540,1781794800000,171400,175600,164700,169400,905391
247540,1782054000000,169400,170000,165200,167400,40519
091990,1696345200000,62000,62500,60800,61000,516641
091990,1696431600000,61500,62500,58900,59000,503687
091990,1696518000000,59000,62400,59000,61300,458411
091990,1696863600000,62000,64500,62000,63400,545810
091990,1696950000000,63800,64400,62900,63800,366479
091990,1697036400000,64000,64500,63100,63900,326967
091990,1697122800000,63400,65000,63400,64300,321774
091990,1697382000000,64300,65300,64100,64800,356675
091990,1697468400000,65300,66100,64700,65100,344471
091990,1697554800000,65100,65500,63800,63800,344052
091990,1697641200000,62700,65300,62600,63600,368839
091990,1697727600000,63300,64200,63000,63500,429576
091990,1697986800000,65000,65500,60800,62600,964838
091990,1698073200000,63900,67500,63200,67200,1364408
091990,1698159600000,67000,67500,66300,66800,709952
091990,1698246000000,65600,67000,65300,66200,536192
091990,1698332400000,66700,67200,65700,66300,518000
091990,1698591600000,66300,67300,66300,66900,523700
091990,1698678000000,66900,67300,66300,66500,482069
091990,1698764400000,66700,67000,66400,66900,455080
091990,1698850800000,67200,67400,66600,66800,674741
091990,1698937200000,67100,67500,66200,67200,538030
091990,1699196400000,68400,71200,67500,71200,1326274
091990,1699282800000,71900,72400,68600,69300,1126752
091990,1699369200000,69800,70800,69300,70200,561134
091990,1699455600000,70300,70700,69500,70400,461955
091990,1699542000000,70000,71000,69700,69800,432078
091990,1699801200000,70500,70800,69200,69500,721549
091990,1699887600000,69800,70900,69700,70400,596065
091990,1699974000000,71400,72900,70900,72900,596663
091990,1700060400000,73000,74400,72600,74400,552205
091990,1700146800000,74200,74900,73700,74100,439983
091990,1700406000000,74100,75100,73700,74900,352818
091990,1700492400000,74700,75900,74600,75900,375652
091990,1700578800000,75300,76300,74800,75900,478524
091990,1700665200000,75900,76400,75600,76400,276119
091990,1700751600000,76400,76500,73600,73800,800738
091990,1701010800000,73400,74000,71200,71600,568910
091990,1701097200000,71800,73300,71700,72800,346055
091990,1701183600000,72900,72900,71300,71300,334966
091990,1701270000000,70600,74500,70400,74500,606606
091990,1701356400000,73000,73100,72000,72100,343280
091990,1701615600000,73400,73400,71200,71500,374228
091990,1701702000000,71100,72200,71100,71700,310156
091990,1701788400000,72200,72200,70600,70600,327504
091990,1701874800000,70500,70600,69300,69900,419508
091990,1701961200000,70000,74100,70000,73900,791596
091990,1702220400000,74200,78800,74100,78800,1214158
091990,1702306800000,78800,81400,78300,80200,1244426
091990,1702393200000,79000,80500,77400,78800,1157735
091990,1702479600000,79500,81000,77100,80400,4601244
091990,1702566000000,80700,80800,75100,75900,2978414
091990,1702825200000,0,0,0,75900,0
091990,1702911600000,0,0,0,75900,0
091990,1702998000000,0,0,0,75900,0
091990,1703084400000,0,0,0,75900,0
091990,1703170800000,0,0,0,75900,0
091990,1703516400000,0,0,0,75900,0
091990,1703602800000,0,0,0,75900,0
091990,1703689200000,0,0,0,75900,0
091990,1704121200000,0,0,0,75900,0
091990,1704207600000,0,0,0,75900,0
091990,1704294000000,0,0,0,75900,0
091990,1704380400000,0,0,0,75900,0
091990,1704639600000,0,0,0,75900,0
091990,1704726000000,0,0,0,75900,0
091990,1704812400000,0,0,0,75900,0
091990,1704898800000,0,0,0,75900,0
